work_id	author	title	edition_file	other_editions	priority
grc.tlg0001.tlg001	Apollonius Rhodius	Argonautica	tlg0001.tlg001.perseus-grc2.xml		2
grc.tlg0003.tlg001	Thucydides	Ἱστορίαι	tlg0003.tlg001.perseus-grc2.xml		2
grc.tlg0004.tlg001	Diogenes Laertius	Βίοι καὶ γνῶμαι τῶν ἐν φιλοσοφίᾳ εὐδοκιμησάντων	tlg0004.tlg001.perseus-grc2.xml		2
grc.tlg0005.tlg001	Theocritus	Εἰδύλλια	tlg0005.tlg001.perseus-grc2.xml		2
grc.tlg0005.tlg002	Theocritus	Ἐπιγράμματα	tlg0005.tlg002.perseus-grc2.xml		2
grc.tlg0006.tlg001	Euripides	Κύκλωψ	tlg0006.tlg001.perseus-grc2.xml		2
grc.tlg0006.tlg002	Euripides	Ἄλκηστις	tlg0006.tlg002.perseus-grc2.xml		2
grc.tlg0006.tlg003	Euripides	Μήδεια	tlg0006.tlg003.perseus-grc2.xml		2
grc.tlg0006.tlg004	Euripides	Ἡρακλεῖδαι	tlg0006.tlg004.perseus-grc2.xml		2
grc.tlg0006.tlg005	Euripides	Ἱππόλυτος	tlg0006.tlg005.perseus-grc2.xml		2
grc.tlg0006.tlg006	Euripides	Ἀνδρομάχη	tlg0006.tlg006.perseus-grc2.xml		2
grc.tlg0006.tlg007	Euripides	Ἑκάβη	tlg0006.tlg007.perseus-grc2.xml		2
grc.tlg0006.tlg008	Euripides	Ἱκέτιδες	tlg0006.tlg008.perseus-grc2.xml		2
grc.tlg0006.tlg009	Euripides	Ἡρακλῆς	tlg0006.tlg009.perseus-grc2.xml		2
grc.tlg0006.tlg010	Euripides	Ἴων	tlg0006.tlg010.perseus-grc2.xml		2
grc.tlg0006.tlg011	Euripides	Τρῳάδες	tlg0006.tlg011.perseus-grc2.xml		2
grc.tlg0006.tlg012	Euripides	Ἠλέκτρα	tlg0006.tlg012.perseus-grc2.xml		2
grc.tlg0006.tlg013	Euripides	Ἰφιγένεια ἐν Ταύροις	tlg0006.tlg013.perseus-grc2.xml		2
grc.tlg0006.tlg014	Euripides	Ἑλένη	tlg0006.tlg014.perseus-grc2.xml		2
grc.tlg0006.tlg015	Euripides	Φοίνισσαι	tlg0006.tlg015.perseus-grc2.xml		2
grc.tlg0006.tlg016	Euripides	Ὀρέστης	tlg0006.tlg016.perseus-grc2.xml		2
grc.tlg0006.tlg017	Euripides	Βάκχαι	tlg0006.tlg017.perseus-grc2.xml		2
grc.tlg0006.tlg018	Euripides	Ἰφιγένεια ἐν Αὐλίδι	tlg0006.tlg018.perseus-grc2.xml		2
grc.tlg0006.tlg019	Euripides	Ῥῆσος	tlg0006.tlg019.perseus-grc2.xml		2
grc.tlg0007.tlg001	Plutarch	Θησεύς	tlg0007.tlg001.perseus-grc2.xml		2
grc.tlg0007.tlg002	Plutarch	Ῥωμύλος	tlg0007.tlg002.perseus-grc2.xml		2
grc.tlg0007.tlg003	Plutarch	Θησέως καὶ Ῥωμύλου σύγκρισις	tlg0007.tlg003.perseus-grc2.xml		2
grc.tlg0007.tlg004	Plutarch	Λυκοῦργος	tlg0007.tlg004.perseus-grc2.xml		2
grc.tlg0007.tlg005	Plutarch	Νομᾶς	tlg0007.tlg005.perseus-grc2.xml		2
grc.tlg0007.tlg006	Plutarch	Λυκούργου καὶ Νομᾶ σύγκρισις	tlg0007.tlg006.perseus-grc2.xml		2
grc.tlg0007.tlg007	Plutarch	Σόλων	tlg0007.tlg007.perseus-grc2.xml		2
grc.tlg0007.tlg008	Plutarch	Ποπλικόλας	tlg0007.tlg008.perseus-grc2.xml		2
grc.tlg0007.tlg009	Plutarch	Σόλωνος καὶ Ποπλικόλα σύγκρισις	tlg0007.tlg009.perseus-grc2.xml		2
grc.tlg0007.tlg010	Plutarch	Θεμιστοκλῆς	tlg0007.tlg010.perseus-grc2.xml		2
grc.tlg0007.tlg011	Plutarch	Κάμιλλος	tlg0007.tlg011.perseus-grc2.xml		2
grc.tlg0007.tlg012	Plutarch	Περικλῆς	tlg0007.tlg012.perseus-grc2.xml		2
grc.tlg0007.tlg013	Plutarch	Φάβιος Μάξιμος	tlg0007.tlg013.perseus-grc2.xml		2
grc.tlg0007.tlg014	Plutarch	Περικλέους καὶ Φαβίου σύγκρισις	tlg0007.tlg014.perseus-grc2.xml		2
grc.tlg0007.tlg015	Plutarch	Ἀλκιβιάδης	tlg0007.tlg015.perseus-grc2.xml		2
grc.tlg0007.tlg016	Plutarch	Γάϊος Μάρκιος	tlg0007.tlg016.perseus-grc2.xml		2
grc.tlg0007.tlg017	Plutarch	Ἀλκιβιάδου καὶ Κοριολὰνου σύγκρισις	tlg0007.tlg017.perseus-grc2.xml		2
grc.tlg0007.tlg018	Plutarch	Τιμολέων	tlg0007.tlg018.perseus-grc2.xml		2
grc.tlg0007.tlg019	Plutarch	Αἰμίλιος Παῦλλος	tlg0007.tlg019.perseus-grc2.xml		2
grc.tlg0007.tlg020	Plutarch	Σύγκρισις Τιμολέοντος καὶ Αἰμιλίου	tlg0007.tlg020.perseus-grc2.xml		2
grc.tlg0007.tlg021	Plutarch	Πελοπίδας	tlg0007.tlg021.perseus-grc2.xml		2
grc.tlg0007.tlg022	Plutarch	Μάρκελλος	tlg0007.tlg022.perseus-grc2.xml		2
grc.tlg0007.tlg023	Plutarch	Πελοπίδου καὶ Μαρκέλλου σύγκρισις	tlg0007.tlg023.perseus-grc2.xml		2
grc.tlg0007.tlg024	Plutarch	Ἀριστείδης	tlg0007.tlg024.perseus-grc2.xml		2
grc.tlg0007.tlg025	Plutarch	Μάρκος Κάτων	tlg0007.tlg025.perseus-grc2.xml		2
grc.tlg0007.tlg026	Plutarch	Ἀριστείδου καὶ Κάτωνος σύγκρισις	tlg0007.tlg026.perseus-grc2.xml		2
grc.tlg0007.tlg027	Plutarch	Φιλοποίμην	tlg0007.tlg027.perseus-grc2.xml		2
grc.tlg0007.tlg028	Plutarch	Τίτος Φλαμινῖνος	tlg0007.tlg028.perseus-grc2.xml		2
grc.tlg0007.tlg029	Plutarch	Φιλοποίμενος καὶ Τίτου σύγκρισις	tlg0007.tlg029.perseus-grc2.xml		2
grc.tlg0007.tlg030	Plutarch	Πύρρος	tlg0007.tlg030.perseus-grc2.xml		2
grc.tlg0007.tlg031	Plutarch	Γάιος Μάριος	tlg0007.tlg031.perseus-grc2.xml		2
grc.tlg0007.tlg032	Plutarch	Λύσανδρος	tlg0007.tlg032.perseus-grc2.xml		2
grc.tlg0007.tlg033	Plutarch	Σύλλας	tlg0007.tlg033.perseus-grc2.xml		2
grc.tlg0007.tlg034	Plutarch	Σύγκρισις Λυσάνδρου καὶ Σύλλα	tlg0007.tlg034.perseus-grc2.xml		2
grc.tlg0007.tlg035	Plutarch	Κίμων	tlg0007.tlg035.perseus-grc2.xml		2
grc.tlg0007.tlg036	Plutarch	Λούκουλλος	tlg0007.tlg036.perseus-grc2.xml		2
grc.tlg0007.tlg037	Plutarch	Κίμωνος καὶ Λουκούλλος σύγκρισις	tlg0007.tlg037.perseus-grc2.xml		2
grc.tlg0007.tlg038	Plutarch	Νικίας	tlg0007.tlg038.perseus-grc2.xml		2
grc.tlg0007.tlg039	Plutarch	Κράσσος	tlg0007.tlg039.perseus-grc2.xml		2
grc.tlg0007.tlg040	Plutarch	Νικίου καὶ Κράσσου σύγκρισις	tlg0007.tlg040.perseus-grc2.xml		2
grc.tlg0007.tlg041	Plutarch	Εὐμένης	tlg0007.tlg041.perseus-grc2.xml		2
grc.tlg0007.tlg042	Plutarch	Σερτώριος	tlg0007.tlg042.perseus-grc2.xml		2
grc.tlg0007.tlg043	Plutarch	Σύγκρισις Σερτωρίου καὶ Εὐμένους	tlg0007.tlg043.perseus-grc2.xml		2
grc.tlg0007.tlg044	Plutarch	Ἀγησίλαος	tlg0007.tlg044.perseus-grc2.xml		2
grc.tlg0007.tlg045	Plutarch	Πομπήϊος	tlg0007.tlg045.perseus-grc2.xml		2
grc.tlg0007.tlg046	Plutarch	Ἀγησιλάου καὶ Πομπηΐου σύγκρισις	tlg0007.tlg046.perseus-grc2.xml		2
grc.tlg0007.tlg047	Plutarch	Ἀλέξανδρος	tlg0007.tlg047.perseus-grc2.xml		2
grc.tlg0007.tlg048	Plutarch	Καῖσαρ	tlg0007.tlg048.perseus-grc2.xml		2
grc.tlg0007.tlg049	Plutarch	Φωκίων	tlg0007.tlg049.perseus-grc2.xml		2
grc.tlg0007.tlg050	Plutarch	Κάτων	tlg0007.tlg050.perseus-grc2.xml		2
grc.tlg0007.tlg051	Plutarch	Ἄγις καὶ Κλεομένης	tlg0007.tlg051.perseus-grc1.xml		2
grc.tlg0007.tlg052	Plutarch	Tιβέριος καὶ Γάιος Γράκχοι	tlg0007.tlg052.perseus-grc1.xml		2
grc.tlg0007.tlg053	Plutarch	Σύγκρισις Ἄγιδος καὶ Κλεομένους καὶ τῶν Γράκχων	tlg0007.tlg053.perseus-grc2.xml		2
grc.tlg0007.tlg054	Plutarch	Δημοσθένης	tlg0007.tlg054.perseus-grc2.xml		2
grc.tlg0007.tlg055	Plutarch	Κικέρων	tlg0007.tlg055.perseus-grc2.xml		2
grc.tlg0007.tlg056	Plutarch	Σύγκρισις Δημοσθένους καὶ Κικέρωνος	tlg0007.tlg056.perseus-grc2.xml		2
grc.tlg0007.tlg057	Plutarch	Δημήτριος	tlg0007.tlg057.perseus-grc2.xml		2
grc.tlg0007.tlg058	Plutarch	Ἀντώνιος	tlg0007.tlg058.perseus-grc2.xml		2
grc.tlg0007.tlg059	Plutarch	Σύγκρισις Δημητρίου καὶ Ἀντωνίου	tlg0007.tlg059.perseus-grc2.xml		2
grc.tlg0007.tlg060	Plutarch	Δίων	tlg0007.tlg060.perseus-grc2.xml		2
grc.tlg0007.tlg061	Plutarch	Βροῦτος	tlg0007.tlg061.perseus-grc2.xml		2
grc.tlg0007.tlg062	Plutarch	Σύγκρισις Δίωνος καὶ Βρούτου	tlg0007.tlg062.perseus-grc2.xml		2
grc.tlg0007.tlg063	Plutarch	Ἄρατος	tlg0007.tlg063.perseus-grc2.xml		2
grc.tlg0007.tlg064	Plutarch	Ἀρταξέρξης	tlg0007.tlg064.perseus-grc2.xml		2
grc.tlg0007.tlg065	Plutarch	Γάλβας	tlg0007.tlg065.perseus-grc2.xml		2
grc.tlg0007.tlg066	Plutarch	Ὄθων	tlg0007.tlg066.perseus-grc2.xml		2
grc.tlg0007.tlg067	Plutarch	Περὶ παίδων ἀγωγῆς	tlg0007.tlg067.perseus-grc2.xml		2
grc.tlg0007.tlg068	Plutarch	Πῶς δεῖ τὸν νέον ποιημάτων ἀκούειν.	tlg0007.tlg068.perseus-grc2.xml		2
grc.tlg0007.tlg069	Plutarch	Περὶ τοῦ ἀκούειν.	tlg0007.tlg069.perseus-grc2.xml		2
grc.tlg0007.tlg070	Plutarch	Πῶς ἄν τις διακρίνειε τὸν κόλακα τοῦ φίλοῦ	tlg0007.tlg070.perseus-grc2.xml		2
grc.tlg0007.tlg071	Plutarch	Πῶς ἄν τις αἴσθοιτο ἑαυτοῦ προκόπτοντος ἐπʼ ἀρετή	tlg0007.tlg071.perseus-grc2.xml		2
grc.tlg0007.tlg072	Plutarch	Πῶς ἄν τις ἀπ’ ἐχθρῶν ὠφελοῖτο	tlg0007.tlg072.perseus-grc2.xml		2
grc.tlg0007.tlg073	Plutarch	Περὶ πολυφιλίας	tlg0007.tlg073.perseus-grc2.xml		2
grc.tlg0007.tlg074	Plutarch	Περὶ τύχης	tlg0007.tlg074.perseus-grc2.xml		2
grc.tlg0007.tlg075	Plutarch	Περὶ ἀρετῆς καὶ κακιάς	tlg0007.tlg075.perseus-grc2.xml		2
grc.tlg0007.tlg076	Plutarch	Πραμυθητικὸς πρὸς Ἀπολλώνιον	tlg0007.tlg076.perseus-grc2.xml		2
grc.tlg0007.tlg077	Plutarch	Ὑγιεινὰ παραγγέλματα	tlg0007.tlg077.perseus-grc2.xml		2
grc.tlg0007.tlg078	Plutarch	Γαμικὰ παραγγέλματα	tlg0007.tlg078.perseus-grc2.xml		2
grc.tlg0007.tlg079	Plutarch	Πων επτά σοφών συμπόσιον	tlg0007.tlg079.perseus-grc2.xml		2
grc.tlg0007.tlg080	Plutarch	Περὶ δεισιδαιμονίας	tlg0007.tlg080.perseus-grc2.xml		2
grc.tlg0007.tlg081	Plutarch	Ἀποφθέγματα βασιλέων καὶ στρατηγῶν	tlg0007.tlg081.perseus-grc3.xml	tlg0007.tlg081.perseus-grc4.xml	2
grc.tlg0007.tlg082	Plutarch	Ἀποφθέγματα Λακωνικά	tlg0007.tlg082.perseus-grc4.xml	tlg0007.tlg082.perseus-grc3.xml	2
grc.tlg0007.tlg083	Plutarch	Γυναικῶν ἀρεταί	tlg0007.tlg083.perseus-grc4.xml	tlg0007.tlg083.perseus-grc3.xml	2
grc.tlg0007.tlg085	Plutarch	Συναγωγὴ ἱστοριῶν παραλλήλων Ἑλληνικῶν καὶ Ῥωμαϊκῶν	tlg0007.tlg085.perseus-grc4.xml	tlg0007.tlg085.perseus-grc3.xml	2
grc.tlg0007.tlg086	Plutarch	Περὶ τῆς Ῥωμαίων τύχης	tlg0007.tlg086.perseus-grc4.xml	tlg0007.tlg086.perseus-grc3.xml	2
grc.tlg0007.tlg087	Plutarch	Περὶ τῆς Ἀλεξάνδρου τύχης ἢ ἀρετῆς λόγος Α, λόγος Β	tlg0007.tlg087.perseus-grc4.xml	tlg0007.tlg087.perseus-grc3.xml	2
grc.tlg0007.tlg088	Plutarch	Πότερον Ἀθηναῖοι κατὰ πόλεμον ἢ κατὰ σοφίαν ἐνδοξότεροι	tlg0007.tlg088.perseus-grc4.xml	tlg0007.tlg088.perseus-grc3.xml	2
grc.tlg0007.tlg089	Plutarch	Περὶ Ἴσιδος και Ὀσίριδος	tlg0007.tlg089.perseus-grc2.xml		2
grc.tlg0007.tlg090	Plutarch	Περὶ τοῦ Ε τοῦ ἐν Δελφοῖς	tlg0007.tlg090.perseus-grc2.xml		2
grc.tlg0007.tlg091	Plutarch	Περὶ τοῦ μὴ χρᾶν ἔμμετρα νῦν τὴν Πυθίαν	tlg0007.tlg091.perseus-grc2.xml		2
grc.tlg0007.tlg092	Plutarch	Περὶ τῶν ἐκλελοιπότων	tlg0007.tlg092.perseus-grc2.xml		2
grc.tlg0007.tlg093	Plutarch	Εἰ διδακτὸν ἡ ἀρετή	tlg0007.tlg093.perseus-grc2.xml		2
grc.tlg0007.tlg094	Plutarch	Περὶ τῆς ἠθικῆς ἀρετῆς	tlg0007.tlg094.perseus-grc2.xml		2
grc.tlg0007.tlg095	Plutarch	Περὶ ἀοπγησίας	tlg0007.tlg095.perseus-grc2.xml		2
grc.tlg0007.tlg096	Plutarch	Περὶ εὐθυμίας	tlg0007.tlg096.perseus-grc2.xml		2
grc.tlg0007.tlg097	Plutarch	Περὶ φιλαδελφίας	tlg0007.tlg097.perseus-grc2.xml		2
grc.tlg0007.tlg098	Plutarch	Περὶ τῆς εἰς τὰ ἔκγονα φιλοστοργίας	tlg0007.tlg098.perseus-grc2.xml		2
grc.tlg0007.tlg099	Plutarch	Εἰ αὐτάρκης ἡ κακία πρὸς κακοδαιμονίαν	tlg0007.tlg099.perseus-grc2.xml		2
grc.tlg0007.tlg100	Plutarch	Ποτερον τὰ τῆς ψυχῆς ἢ τὰ τοῦ σώματος πάθη χείρονα	tlg0007.tlg100.perseus-grc2.xml		2
grc.tlg0007.tlg101	Plutarch	Περὶ ἀδολεσχίας	tlg0007.tlg101.perseus-grc2.xml		2
grc.tlg0007.tlg102	Plutarch	Περὶ πολυπραγμοσύνης	tlg0007.tlg102.perseus-grc2.xml		2
grc.tlg0007.tlg103	Plutarch	Περὶ φιλοπλουτίας	tlg0007.tlg103.perseus-grc2.xml		2
grc.tlg0007.tlg104	Plutarch	Περὶ δυσωπίας	tlg0007.tlg104.perseus-grc2.xml		2
grc.tlg0007.tlg105	Plutarch	Περὶ φθόνου καὶ μίσους	tlg0007.tlg105.perseus-grc2.xml		2
grc.tlg0007.tlg106	Plutarch	Περὶ τοῦ ἑαυτὸν ἐπαινεῖν ἀνεπιφθόνως	tlg0007.tlg106.perseus-grc2.xml		2
grc.tlg0007.tlg107	Plutarch	Περὶ τῶν ὑπὸ τοῦ θείου βραδέως τιμωρουμένων	tlg0007.tlg107.perseus-grc2.xml		2
grc.tlg0007.tlg108	Plutarch	Περὶ εἱμαρμένης	tlg0007.tlg108.perseus-grc2.xml		2
grc.tlg0007.tlg109	Plutarch	Περὶ τοῦ Σωκράτους δαιμονίου	tlg0007.tlg109.perseus-grc2.xml		2
grc.tlg0007.tlg110	Plutarch	Περὶ φυγῆς	tlg0007.tlg110.perseus-grc2.xml		2
grc.tlg0007.tlg111	Plutarch	Παραμυθητικός εἰς τὴν γυναῖκα τὴν αὑτου	tlg0007.tlg111.perseus-grc2.xml		2
grc.tlg0007.tlg112	Plutarch	Συμποσιακῶν προβλημάτων βιβλία	tlg0007.tlg112.perseus-grc2.xml		2
grc.tlg0007.tlg113	Plutarch	Ἐρωτικός	tlg0007.tlg113.perseus-grc2.xml		2
grc.tlg0007.tlg114	Plutarch	Ἐρωτικαὶ διγηήσεις	tlg0007.tlg114.perseus-grc2.xml		2
grc.tlg0007.tlg115	Plutarch	Περὶ τοῦ ὅτι μάλιστα τοῖς ἡγεμόσι δεῖ τὸν φιλοσοφόν διαλέγεσθαι	tlg0007.tlg115.perseus-grc2.xml		2
grc.tlg0007.tlg116	Plutarch	Πρὸς ἡγεμόνα ἀπαίδευτον	tlg0007.tlg116.perseus-grc2.xml		2
grc.tlg0007.tlg117	Plutarch	Εἰ πρεσβυτέρῳ πολιτευτέον	tlg0007.tlg117.perseus-grc2.xml		2
grc.tlg0007.tlg118	Plutarch	Πολιτικὰ παραγγέλματα	tlg0007.tlg118.perseus-grc2.xml		2
grc.tlg0007.tlg119	Plutarch	Περὶ μοναρχίας καὶ δημοκρατίας καὶ ὀλιγαρχίας	tlg0007.tlg119.perseus-grc2.xml		2
grc.tlg0007.tlg120	Plutarch	Περὶ τοῦ μὴ δεῖν δανείζεσθαι	tlg0007.tlg120.perseus-grc2.xml		2
grc.tlg0007.tlg121	Plutarch	Περὶ τῶν δέκα ἡτόρων	tlg0007.tlg121.perseus-grc2.xml		2
grc.tlg0007.tlg122	Plutarch	Συγκρίσεως Ἀριστοφάνους καὶ Μενάνδρου ἐπιτομή	tlg0007.tlg122.perseus-grc2.xml		2
grc.tlg0007.tlg123	Plutarch	Περὶ τῆς Ἡροδότου κακοηθείας	tlg0007.tlg123.perseus-grc2.xml		2
grc.tlg0007.tlg125	Plutarch	Αἴτια φυσικά	tlg0007.tlg125.perseus-grc2.xml		2
grc.tlg0007.tlg126	Plutarch	Περὶ τοῦ ἐμφαινομένου προσώπου τῷ κύκλῳ τῆς σελήνης	tlg0007.tlg126.perseus-grc2.xml		2
grc.tlg0007.tlg127	Plutarch	Περὶ τοῦ πρώτως ψυχροῦ	tlg0007.tlg127.perseus-grc3.xml		2
grc.tlg0007.tlg128	Plutarch	Περὶ τοῦ πότερον ὕδωρ ἢ πῦρ χρησιμώτερον	tlg0007.tlg128.perseus-grc2.xml		2
grc.tlg0007.tlg129	Plutarch	Πότερα τῶν ζῴων φρονιμώτερα τὰ χερσαῖα ἢ τὰ ἔνυδρα	tlg0007.tlg129.perseus-grc2.xml		2
grc.tlg0007.tlg130	Plutarch	Περὶ τοῦ τὰ ἄλογα λόγῳ χρῆσθαι	tlg0007.tlg130.perseus-grc2.xml		2
grc.tlg0007.tlg131	Plutarch	Περὶ σαρκοφαγίας λόγος α′	tlg0007.tlg131.perseus-grc2.xml		2
grc.tlg0007.tlg132	Plutarch	Περὶ σαρκοφαγίας λόγος β′	tlg0007.tlg132.perseus-grc2.xml		2
grc.tlg0007.tlg133	Plutarch	Πλατωνικὰ ζητήματα	tlg0007.tlg133.perseus-grc2.xml		2
grc.tlg0007.tlg134	Plutarch	Περὶ τῆς ἐν Τιμαίῳ ψυχογονίας	tlg0007.tlg134.perseus-grc2.xml		2
grc.tlg0007.tlg135	Plutarch	Ἐπιτομὴ τοῦ περὶ τῆς ἐν τῷ Τιμαίῳ ψυχογονίας	tlg0007.tlg135.perseus-grc2.xml		3
grc.tlg0007.tlg136	Plutarch	Περὶ Στωικῶν ἐνιγμάτων.	tlg0007.tlg136.perseus-grc2.xml		2
grc.tlg0007.tlg137	Plutarch	Σύνοψις τοῦ ὅτι παραδοξότερα οἱ Στωικοὶ τῶν ποιητῶν λέγουσι	tlg0007.tlg137.perseus-grc2.xml		2
grc.tlg0007.tlg138	Plutarch	Περὶ τῶν κοινῶν ἐννοιῶν πρὸς τοὺς Στωικοὺς	tlg0007.tlg138.perseus-grc2.xml		2
grc.tlg0007.tlg139	Plutarch	Ὅτι οὐδ' ἡδέως ζῆν ἔστι κατ' Ἐπίκουρον	tlg0007.tlg139.perseus-grc2.xml		2
grc.tlg0007.tlg140	Plutarch	Πρὸς Κωλώτην	tlg0007.tlg140.perseus-grc2.xml		2
grc.tlg0007.tlg141	Plutarch	Εἰ καλῶς εἴρηται τὸ λάθε βιώτας	tlg0007.tlg141.perseus-grc2.xml		2
grc.tlg0008.tlg001	Athenaeus of Naucratis	Δειπνοσοφισταί	tlg0008.tlg001.perseus-grc4.xml	tlg0008.tlg001.perseus-grc3.xml	2
grc.tlg0010.tlg001	Isocrates	Πρὸς Εὐθύνους ἀμάρτυρος	tlg0010.tlg001.perseus-grc2.xml		2
grc.tlg0010.tlg002	Isocrates	Παραγραφή πρὸς Καλλίμαχον	tlg0010.tlg002.perseus-grc2.xml		2
grc.tlg0010.tlg003	Isocrates	Κατὰ Λοχίτου	tlg0010.tlg003.perseus-grc2.xml		2
grc.tlg0010.tlg004	Isocrates	Περὶ τοῦ ζεύγους	tlg0010.tlg004.perseus-grc2.xml		2
grc.tlg0010.tlg005	Isocrates	Τραπεζιτικός	tlg0010.tlg005.perseus-grc2.xml		2
grc.tlg0010.tlg006	Isocrates	Αἰγητικὸς	tlg0010.tlg006.perseus-grc2.xml		2
grc.tlg0010.tlg007	Isocrates	Πρὸς Δημόνικον	tlg0010.tlg007.perseus-grc2.xml		2
grc.tlg0010.tlg008	Isocrates	Κατὰ τῶν σοφιστῶν	tlg0010.tlg008.perseus-grc2.xml		2
grc.tlg0010.tlg009	Isocrates	Ἑλένη	tlg0010.tlg009.perseus-grc2.xml		2
grc.tlg0010.tlg010	Isocrates	Βούσιρις	tlg0010.tlg010.perseus-grc2.xml		2
grc.tlg0010.tlg011	Isocrates	Πανηγυρικός	tlg0010.tlg011.perseus-grc2.xml		2
grc.tlg0010.tlg012	Isocrates	Πλαταικός	tlg0010.tlg012.perseus-grc2.xml		2
grc.tlg0010.tlg013	Isocrates	Πρὸς Νικόκλεα	tlg0010.tlg013.perseus-grc2.xml		2
grc.tlg0010.tlg014	Isocrates	Νικόκλης ἢ Κύπριοι	tlg0010.tlg014.perseus-grc2.xml		2
grc.tlg0010.tlg015	Isocrates	Εὐαγόρας	tlg0010.tlg015.perseus-grc2.xml		2
grc.tlg0010.tlg016	Isocrates	Ἀρχίδαμος	tlg0010.tlg016.perseus-grc2.xml		2
grc.tlg0010.tlg017	Isocrates	Περὶ εἰρήνης	tlg0010.tlg017.perseus-grc2.xml		2
grc.tlg0010.tlg018	Isocrates	Ἀρεοπαγιτικός	tlg0010.tlg018.perseus-grc2.xml		2
grc.tlg0010.tlg019	Isocrates	Περὶ ἀντιδόσεως	tlg0010.tlg019.perseus-grc2.xml		2
grc.tlg0010.tlg020	Isocrates	Φίλιππος	tlg0010.tlg020.perseus-grc2.xml		2
grc.tlg0010.tlg021	Isocrates	Παναθηναικός	tlg0010.tlg021.perseus-grc2.xml		2
grc.tlg0010.tlg022	Isocrates	Ἐπιστολαὶ αʹ Διονύσιῳ	tlg0010.tlg022.perseus-grc2.xml		2
grc.tlg0010.tlg023	Isocrates	Ἐπιστολαὶ ςʹ Τοῖς Ἰάσονος παισίν	tlg0010.tlg023.perseus-grc2.xml		2
grc.tlg0010.tlg024	Isocrates	Ἐπιστολαὶ θʹ Ἀρχιδάμῳ	tlg0010.tlg024.perseus-grc2.xml		2
grc.tlg0010.tlg025	Isocrates	Ἐπιστολαὶ ηʹ Τοῖς Μυτιληναίων ἄρχουσιν	tlg0010.tlg025.perseus-grc2.xml		2
grc.tlg0010.tlg026	Isocrates	Ἐπιστολαὶ ζʹ Τιμοθέῳ	tlg0010.tlg026.perseus-grc3.xml		2
grc.tlg0010.tlg027	Isocrates	Ἐπιστολαὶ βʹ Φιλίππῳ α΄	tlg0010.tlg027.perseus-grc2.xml		2
grc.tlg0010.tlg028	Isocrates	Ἐπιστολαὶ εʹ Ἀλεξάνδρῳ	tlg0010.tlg028.perseus-grc2.xml		2
grc.tlg0010.tlg029	Isocrates	Ἐπιστολαὶ δʹ Ἀντιπάτρῳ	tlg0010.tlg029.perseus-grc2.xml		2
grc.tlg0010.tlg030	Isocrates	Ἐπιστολαὶ γʹ Φιλίππῳ β΄	tlg0010.tlg030.perseus-grc2.xml		2
grc.tlg0011.tlg001	Sophocles	Τραχίνιαι	tlg0011.tlg001.perseus-grc2.xml		2
grc.tlg0011.tlg002	Sophocles	Ἀντιγόνη	tlg0011.tlg002.perseus-grc2.xml		2
grc.tlg0011.tlg003	Sophocles	Αἴας	tlg0011.tlg003.perseus-grc2.xml		2
grc.tlg0011.tlg004	Sophocles	Οἰδίπους Τύραννος	tlg0011.tlg004.perseus-grc2.xml		2
grc.tlg0011.tlg005	Sophocles	Ἠλέκτρα	tlg0011.tlg005.perseus-grc2.xml		2
grc.tlg0011.tlg006	Sophocles	Φιλοκτήτης	tlg0011.tlg006.perseus-grc2.xml		2
grc.tlg0011.tlg007	Sophocles	Οἰδίπους ἐπὶ Κολωνῷ	tlg0011.tlg007.perseus-grc2.xml		2
grc.tlg0011.tlg008	Sophocles	Ichneutae	tlg0011.tlg008.perseus-grc2.xml		2
grc.tlg0012.tlg001	Homer	Ἰλιάς	tlg0012.tlg001.perseus-grc2.xml		2
grc.tlg0012.tlg002	Homer	Ὀδύσσεια	tlg0012.tlg002.perseus-grc2.xml		2
grc.tlg0012.tlg003	Homer	Ὁμήρου ἐπιγράμματα	tlg0012.tlg003.perseus-grc1.xml		2
grc.tlg0013.tlg001	Homeric Hymns	Hymn 1 to Dionysus	tlg0013.tlg001.perseus-grc2.xml		2
grc.tlg0013.tlg002	Homeric Hymns	Hymn 2 to Demeter	tlg0013.tlg002.perseus-grc2.xml		2
grc.tlg0013.tlg003	Homeric Hymns	Hymn 3 to Apollo	tlg0013.tlg003.perseus-grc2.xml		2
grc.tlg0013.tlg004	Homeric Hymns	Hymn 4 to Hermes	tlg0013.tlg004.perseus-grc2.xml		2
grc.tlg0013.tlg005	Homeric Hymns	Hymn 5 to Aphrodite	tlg0013.tlg005.perseus-grc2.xml		2
grc.tlg0013.tlg006	Homeric Hymns	Hymn 6 to Aphrodite	tlg0013.tlg006.perseus-grc2.xml		2
grc.tlg0013.tlg007	Homeric Hymns	Hymn 7 to Dionysus	tlg0013.tlg007.perseus-grc2.xml		2
grc.tlg0013.tlg008	Homeric Hymns	Hymn 8 to Ares	tlg0013.tlg008.perseus-grc2.xml		2
grc.tlg0013.tlg009	Homeric Hymns	Hymn 9 to Artemis	tlg0013.tlg009.perseus-grc2.xml		2
grc.tlg0013.tlg010	Homeric Hymns	Hymn 10 to Aphrodite	tlg0013.tlg010.perseus-grc2.xml		2
grc.tlg0013.tlg011	Homeric Hymns	Hymn 11 to Athena	tlg0013.tlg011.perseus-grc2.xml		2
grc.tlg0013.tlg012	Homeric Hymns	Hymn 12 to Hera	tlg0013.tlg012.perseus-grc2.xml		2
grc.tlg0013.tlg013	Homeric Hymns	Hymn 13 to Demeter	tlg0013.tlg013.perseus-grc2.xml		2
grc.tlg0013.tlg014	Homeric Hymns	Hymn 14 to the Mother of the Gods	tlg0013.tlg014.perseus-grc2.xml		2
grc.tlg0013.tlg015	Homeric Hymns	Hymn 15 to Heracles	tlg0013.tlg015.perseus-grc2.xml		2
grc.tlg0013.tlg016	Homeric Hymns	Hymn 16 to Asclepius	tlg0013.tlg016.perseus-grc2.xml		2
grc.tlg0013.tlg017	Homeric Hymns	Hymn 17 To the Dioscuri	tlg0013.tlg017.perseus-grc2.xml		2
grc.tlg0013.tlg018	Homeric Hymns	Hymn 18 to Hermes	tlg0013.tlg018.perseus-grc2.xml		2
grc.tlg0013.tlg019	Homeric Hymns	Hymn 19 to Pan	tlg0013.tlg019.perseus-grc2.xml		2
grc.tlg0013.tlg020	Homeric Hymns	Hymn 20 to Hephaestus	tlg0013.tlg020.perseus-grc2.xml		2
grc.tlg0013.tlg021	Homeric Hymns	Hymn 21 to Apollo	tlg0013.tlg021.perseus-grc2.xml		2
grc.tlg0013.tlg022	Homeric Hymns	Hymn 22 to Poseidon	tlg0013.tlg022.perseus-grc2.xml		2
grc.tlg0013.tlg023	Homeric Hymns	Hymn 23 to Zeus	tlg0013.tlg023.perseus-grc2.xml		2
grc.tlg0013.tlg024	Homeric Hymns	Hymn 24 to Hestia	tlg0013.tlg024.perseus-grc2.xml		2
grc.tlg0013.tlg025	Homeric Hymns	HHymn 25 to the Muses and Apollo	tlg0013.tlg025.perseus-grc2.xml		2
grc.tlg0013.tlg026	Homeric Hymns	Hymn 26 to Dionysus	tlg0013.tlg026.perseus-grc2.xml		2
grc.tlg0013.tlg027	Homeric Hymns	Hymn 27 to Artemis	tlg0013.tlg027.perseus-grc2.xml		2
grc.tlg0013.tlg028	Homeric Hymns	Hymn 28 to Athena	tlg0013.tlg028.perseus-grc2.xml		2
grc.tlg0013.tlg029	Homeric Hymns	Hymn 29 to Hestia	tlg0013.tlg029.perseus-grc2.xml		2
grc.tlg0013.tlg030	Homeric Hymns	Hymn 30 to Earth	tlg0013.tlg030.perseus-grc2.xml		2
grc.tlg0013.tlg031	Homeric Hymns	Hymn 31 to Helios	tlg0013.tlg031.perseus-grc2.xml		2
grc.tlg0013.tlg032	Homeric Hymns	Hymn 32 to Selene	tlg0013.tlg032.perseus-grc2.xml		2
grc.tlg0013.tlg033	Homeric Hymns	Hymn 33 to the Dioscuri	tlg0013.tlg033.perseus-grc2.xml		2
grc.tlg0014.tlg001	Demosthenes	Ὀλυνθιακὸς α΄	tlg0014.tlg001.perseus-grc2.xml		2
grc.tlg0014.tlg002	Demosthenes	Ὀλυνθιακὸς β΄	tlg0014.tlg002.perseus-grc2.xml		2
grc.tlg0014.tlg003	Demosthenes	Ὀλυνθιακὸς γ΄	tlg0014.tlg003.perseus-grc2.xml		2
grc.tlg0014.tlg004	Demosthenes	κατὰ Φιλίππου α΄	tlg0014.tlg004.perseus-grc2.xml		2
grc.tlg0014.tlg005	Demosthenes	περὶ τῆς εἰρήνης	tlg0014.tlg005.perseus-grc2.xml		2
grc.tlg0014.tlg006	Demosthenes	κατὰ Φιλίππου β΄	tlg0014.tlg006.perseus-grc2.xml		2
grc.tlg0014.tlg007	Demosthenes	περὶ Ἀλοννήσου	tlg0014.tlg007.perseus-grc2.xml		2
grc.tlg0014.tlg008	Demosthenes	περὶ τῶν ἐν Χερρονήσῳ	tlg0014.tlg008.perseus-grc2.xml		2
grc.tlg0014.tlg009	Demosthenes	κατὰ Φιλίππου γ΄	tlg0014.tlg009.perseus-grc2.xml		2
grc.tlg0014.tlg010	Demosthenes	κατὰ Φιλίππου δ΄	tlg0014.tlg010.perseus-grc2.xml		2
grc.tlg0014.tlg011	Demosthenes	πρὸς τὴν ἐπιστολήν τὴν Φιλίππου	tlg0014.tlg011.perseus-grc2.xml		2
grc.tlg0014.tlg012	Demosthenes	ἐπιστολή [Φιλίππου]	tlg0014.tlg012.perseus-grc2.xml		2
grc.tlg0014.tlg013	Demosthenes	περὶ συντάξεως	tlg0014.tlg013.perseus-grc2.xml		2
grc.tlg0014.tlg014	Demosthenes	περὶ τῶν συμμοριῶν	tlg0014.tlg014.perseus-grc2.xml		2
grc.tlg0014.tlg015	Demosthenes	ὑπὲρ τῆς Ῥοδίων ἐλευθερίας	tlg0014.tlg015.perseus-grc2.xml		2
grc.tlg0014.tlg016	Demosthenes	ὑπὲρ Μεγαλοπολιτῶν	tlg0014.tlg016.perseus-grc2.xml		2
grc.tlg0014.tlg017	Demosthenes	περὶ τῶν πρὸς Ἀλέξανδρον συνθηκῶν	tlg0014.tlg017.perseus-grc2.xml		2
grc.tlg0014.tlg018	Demosthenes	ὑπὲρ Κτησιφῶντος περὶ τοῦ στεφάνου	tlg0014.tlg018.perseus-grc2.xml		2
grc.tlg0014.tlg019	Demosthenes	περὶ τῆς παραπρεσβείας	tlg0014.tlg019.perseus-grc2.xml		2
grc.tlg0014.tlg020	Demosthenes	περὶ τῆς Ἀτελείας πρὸς Λεπτίνην	tlg0014.tlg020.perseus-grc2.xml		2
grc.tlg0014.tlg021	Demosthenes	κατὰ Μειδίου περὶ τοῦ Κονδύλου	tlg0014.tlg021.perseus-grc2.xml		2
grc.tlg0014.tlg022	Demosthenes	κατὰ Ἀνδροτίωνος παρανόμων	tlg0014.tlg022.perseus-grc2.xml		2
grc.tlg0014.tlg023	Demosthenes	κατὰ Ἀριστοκράτους	tlg0014.tlg023.perseus-grc2.xml		2
grc.tlg0014.tlg024	Demosthenes	κατὰ Τιμοκράτους	tlg0014.tlg024.perseus-grc2.xml		2
grc.tlg0014.tlg025	Demosthenes	κατὰ Ἀριστογείτονος α΄	tlg0014.tlg025.perseus-grc2.xml		2
grc.tlg0014.tlg026	Demosthenes	κατὰ Ἀριστογείτονος β΄	tlg0014.tlg026.perseus-grc2.xml		2
grc.tlg0014.tlg027	Demosthenes	κατὰ Ἀφόβου ἐπιτροπῆς α΄	tlg0014.tlg027.perseus-grc2.xml		2
grc.tlg0014.tlg028	Demosthenes	κατὰ Ἀφόβου β΄	tlg0014.tlg028.perseus-grc2.xml		2
grc.tlg0014.tlg029	Demosthenes	πρὸς Ἄφοβον ὑπὲρ Φάνου ψευδομαρτυριῶν γ΄	tlg0014.tlg029.perseus-grc2.xml		2
grc.tlg0014.tlg030	Demosthenes	πρὸς Ὀνήτορα ἐξούλης α΄	tlg0014.tlg030.perseus-grc2.xml		2
grc.tlg0014.tlg031	Demosthenes	πρὸς Ὀνήτορα ἐξούλης β΄	tlg0014.tlg031.perseus-grc2.xml		2
grc.tlg0014.tlg032	Demosthenes	πρὸς Ζηνόθεμιν παραγραφή	tlg0014.tlg032.perseus-grc2.xml		2
grc.tlg0014.tlg033	Demosthenes	πρὸς Ἀπατούριον παραγραφή	tlg0014.tlg033.perseus-grc2.xml		2
grc.tlg0014.tlg034	Demosthenes	πρὸς Φορμίωνα ὑπὲρ δανείου	tlg0014.tlg034.perseus-grc2.xml		2
grc.tlg0014.tlg035	Demosthenes	πρὸς τὴν Λάκριτον παραγραφὴν	tlg0014.tlg035.perseus-grc2.xml		2
grc.tlg0014.tlg036	Demosthenes	παραγραφὴ ὑπὲρ Φορμίωνος	tlg0014.tlg036.perseus-grc2.xml		2
grc.tlg0014.tlg037	Demosthenes	παραγραφὴ πρὸς Πανταίνετον	tlg0014.tlg037.perseus-grc2.xml		2
grc.tlg0014.tlg038	Demosthenes	παραγραφὴ πρὸς Ναυσίμακον καὶ Ξενοπείθην	tlg0014.tlg038.perseus-grc2.xml		2
grc.tlg0014.tlg039	Demosthenes	πρὸς Βοιωτὸν περὶ τοῦ Ὀνόματος	tlg0014.tlg039.perseus-grc2.xml		2
grc.tlg0014.tlg040	Demosthenes	πρὸς Βοιωτὸν περὶ προικὸς μητρῴας	tlg0014.tlg040.perseus-grc2.xml		2
grc.tlg0014.tlg041	Demosthenes	πρὸς Σπουδίαν ὑπὲρ προικός	tlg0014.tlg041.perseus-grc2.xml		2
grc.tlg0014.tlg042	Demosthenes	πρὸς Φαίνιππον περὶ ἀντιδόσεως	tlg0014.tlg042.perseus-grc2.xml		2
grc.tlg0014.tlg043	Demosthenes	πρὸς Μακάρτατον περὶ Ἁγνίου κλήρου	tlg0014.tlg043.perseus-grc2.xml		2
grc.tlg0014.tlg044	Demosthenes	πρὸς Λεωκάρη περὶ τοῦ Ἀρχιάδου κλήρου	tlg0014.tlg044.perseus-grc2.xml		2
grc.tlg0014.tlg045	Demosthenes	κατὰ Στεφάνου ψευδομαρτυριῶν α΄	tlg0014.tlg045.perseus-grc2.xml		2
grc.tlg0014.tlg046	Demosthenes	κατὰ Στεφάνου ψευδομαρτυριῶν β΄	tlg0014.tlg046.perseus-grc2.xml		2
grc.tlg0014.tlg047	Demosthenes	κατὰ Εὐέργου καὶ Μνησιβούλου ψευδομαρτυριῶν	tlg0014.tlg047.perseus-grc2.xml		2
grc.tlg0014.tlg048	Demosthenes	κατὰ Ὀλυμπιοδώρου βλάβης	tlg0014.tlg048.perseus-grc2.xml		2
grc.tlg0014.tlg049	Demosthenes	πρὸς Τιμόθεον ὑπὲρ χρέως	tlg0014.tlg049.perseus-grc2.xml		2
grc.tlg0014.tlg050	Demosthenes	πρὸς Πολυκλέα περὶ τοῦ ἐπιτριηραρχήματος	tlg0014.tlg050.perseus-grc2.xml		2
grc.tlg0014.tlg051	Demosthenes	περὶ τοῦ Στεφάνου τῆς τριηραρκίας	tlg0014.tlg051.perseus-grc2.xml		2
grc.tlg0014.tlg052	Demosthenes	πρὸς Κάλλιππον	tlg0014.tlg052.perseus-grc2.xml		2
grc.tlg0014.tlg053	Demosthenes	πρὸς Νικόστρατον περὶ ἀνδραπόδων ἀπογραφῆς Ἀρεθουσίου	tlg0014.tlg053.perseus-grc2.xml		2
grc.tlg0014.tlg054	Demosthenes	κατὰ Κόνωνος αἰκείας	tlg0014.tlg054.perseus-grc2.xml		2
grc.tlg0014.tlg055	Demosthenes	πρὸς Καλλικλέα περὶ χωρίου βλάβης	tlg0014.tlg055.perseus-grc2.xml		2
grc.tlg0014.tlg056	Demosthenes	κατὰ Διονυσοδώρου βλάβης	tlg0014.tlg056.perseus-grc2.xml		2
grc.tlg0014.tlg057	Demosthenes	ἔφεσις πρὸς Εὐβουλίδην	tlg0014.tlg057.perseus-grc2.xml		2
grc.tlg0014.tlg058	Demosthenes	ἔνδειξις κατὰ Θεοκρίνου	tlg0014.tlg058.perseus-grc2.xml		2
grc.tlg0014.tlg059	Demosthenes	κατὰ Νεαίρας	tlg0014.tlg059.perseus-grc2.xml		2
grc.tlg0014.tlg060	Demosthenes	ἐπιτάφιος	tlg0014.tlg060.perseus-grc2.xml		2
grc.tlg0014.tlg061	Demosthenes	ἐρωτικὸς	tlg0014.tlg061.perseus-grc2.xml		2
grc.tlg0014.tlg062	Demosthenes	προοίμια δημηγορικά	tlg0014.tlg062.perseus-grc2.xml		2
grc.tlg0014.tlg063	Demosthenes	Δημοσθένους ἐπιστολαὶ	tlg0014.tlg063.perseus-grc2.xml		2
grc.tlg0016.tlg001	Herodotus	Ἱστορίαι	tlg0016.tlg001.perseus-grc2.xml		2
grc.tlg0017.tlg001	Isaeus	Περὶ τοῦ Κλεωνύμου κλήρου	tlg0017.tlg001.perseus-grc2.xml		2
grc.tlg0017.tlg002	Isaeus	Περὶ τοῦ Μενεκλέους κλήρου	tlg0017.tlg002.perseus-grc2.xml		2
grc.tlg0017.tlg003	Isaeus	Περὶ τοῦ Πύρρου κλήρου	tlg0017.tlg003.perseus-grc2.xml		2
grc.tlg0017.tlg004	Isaeus	Περὶ τοῦ Νικοστράτου κλήρου (ἐπίλογος)	tlg0017.tlg004.perseus-grc2.xml		2
grc.tlg0017.tlg005	Isaeus	Περὶ τοῦ Δικαιογένους κλήρου	tlg0017.tlg005.perseus-grc2.xml		2
grc.tlg0017.tlg006	Isaeus	Περὶ τοῦ Φιλοκτήμονος κλήρου	tlg0017.tlg006.perseus-grc2.xml		2
grc.tlg0017.tlg007	Isaeus	Περὶ τοῦ Απολλοδώρου κλήρου	tlg0017.tlg007.perseus-grc2.xml		2
grc.tlg0017.tlg008	Isaeus	Περὶ τοῦ Κίρωνος κλήρου	tlg0017.tlg008.perseus-grc2.xml		2
grc.tlg0017.tlg009	Isaeus	Περὶ τοῦ Ἀστυφίλου κλήρου	tlg0017.tlg009.perseus-grc2.xml		2
grc.tlg0017.tlg010	Isaeus	Πρὸς Ξεναίνετον περὶ τοῦ Ἀριστάρχου κλήρου	tlg0017.tlg010.perseus-grc2.xml		2
grc.tlg0017.tlg011	Isaeus	Περὶ τοῦ Ἁγνίου κλήρου	tlg0017.tlg011.perseus-grc2.xml		2
grc.tlg0017.tlg012	Isaeus	Υπὲρ Εὐφιλήτου	tlg0017.tlg012.perseus-grc2.xml		2
grc.tlg0019.tlg001	Aristophanes	Ἀχαρνῆς	tlg0019.tlg001.perseus-grc2.xml		2
grc.tlg0019.tlg002	Aristophanes	Ἱππῆς	tlg0019.tlg002.perseus-grc2.xml		2
grc.tlg0019.tlg003	Aristophanes	Νεφέλαι	tlg0019.tlg003.perseus-grc2.xml		2
grc.tlg0019.tlg004	Aristophanes	Σφῆκες	tlg0019.tlg004.perseus-grc2.xml		2
grc.tlg0019.tlg005	Aristophanes	Εἰρήνη	tlg0019.tlg005.perseus-grc2.xml		2
grc.tlg0019.tlg006	Aristophanes	Ὄρνιθες	tlg0019.tlg006.perseus-grc2.xml		2
grc.tlg0019.tlg007	Aristophanes	Λυσιστράτη	tlg0019.tlg007.perseus-grc2.xml		2
grc.tlg0019.tlg008	Aristophanes	Θεσμοφοριάζουσαι	tlg0019.tlg008.perseus-grc2.xml		2
grc.tlg0019.tlg009	Aristophanes	Βάτραχοι	tlg0019.tlg009.perseus-grc2.xml		2
grc.tlg0019.tlg010	Aristophanes	Ἐκκλησιάζουσαι	tlg0019.tlg010.perseus-grc2.xml		2
grc.tlg0019.tlg011	Aristophanes	Πλοῦτος	tlg0019.tlg011.perseus-grc2.xml		2
grc.tlg0020.tlg001	Hesiod	Theogony	tlg0020.tlg001.perseus-grc2.xml		2
grc.tlg0020.tlg002	Hesiod	Ἔργα καὶ Ἡμέραι	tlg0020.tlg002.perseus-grc2.xml		2
grc.tlg0020.tlg003	Hesiod	Ἀσπὶς Ἡρακλέους	tlg0020.tlg003.perseus-grc2.xml		2
grc.tlg0023.tlg001	Oppian	Ἁλιευτικά	tlg0023.tlg001.perseus-grc2.xml		2
grc.tlg0024.tlg001	Oppian of Apamea	Κυνηγετικά	tlg0024.tlg001.perseus-grc2.xml		2
grc.tlg0026.tlg001	Aeschines	Κατὰ Τιμάρχου	tlg0026.tlg001.perseus-grc2.xml		2
grc.tlg0026.tlg002	Aeschines	Περὶ τῆς παραπρεσβείας	tlg0026.tlg002.perseus-grc2.xml		2
grc.tlg0026.tlg003	Aeschines	Κατά Κτησιφώντος	tlg0026.tlg003.perseus-grc2.xml		2
grc.tlg0027.tlg001	Andocides	Περὶ τῶν μυστηρίων	tlg0027.tlg001.perseus-grc2.xml		2
grc.tlg0027.tlg002	Andocides	Περὶ τῆς ἑαυτοῦ καθόδου	tlg0027.tlg002.perseus-grc2.xml		2
grc.tlg0027.tlg003	Andocides	Περὶ τῆς πρὸς Λακεδαιμονίους εἰρήνης	tlg0027.tlg003.perseus-grc2.xml		2
grc.tlg0027.tlg004	Andocides	Κατὰ Ἀλκιβιάδου	tlg0027.tlg004.perseus-grc2.xml		2
grc.tlg0028.tlg001	Antiphon	Φαρμακείας κατὰ τῆς μητρυιᾶς	tlg0028.tlg001.perseus-grc2.xml		2
grc.tlg0028.tlg002	Antiphon	Τετραλογία Α΄	tlg0028.tlg002.perseus-grc2.xml		2
grc.tlg0028.tlg003	Antiphon	Τετραλογία Β΄	tlg0028.tlg003.perseus-grc2.xml		2
grc.tlg0028.tlg004	Antiphon	Τετραλογία Γ΄	tlg0028.tlg004.perseus-grc2.xml		2
grc.tlg0028.tlg005	Antiphon	Περὶ τοῦ Ἡρῷδου φόνου	tlg0028.tlg005.perseus-grc2.xml		2
grc.tlg0028.tlg006	Antiphon	Περὶ τοῦ χορευτοῦ	tlg0028.tlg006.perseus-grc2.xml		2
grc.tlg0029.tlg004	Dinarchus	Κατὰ Δημοσθένους	tlg0029.tlg004.perseus-grc2.xml		2
grc.tlg0029.tlg005	Dinarchus	Κατὰ Ἀριστογείτονος	tlg0029.tlg005.perseus-grc2.xml		2
grc.tlg0029.tlg006	Dinarchus	Κατὰ Φιλοκλέους	tlg0029.tlg006.perseus-grc2.xml		2
grc.tlg0030.tlg001	Hyperides	Ἀπολογία ὑπὲρ Λυκόφρονος	tlg0030.tlg001.perseus-grc2.xml		2
grc.tlg0030.tlg002	Hyperides	Κατὰ Φιλιππίδου	tlg0030.tlg002.perseus-grc2.xml		2
grc.tlg0030.tlg003	Hyperides	Κατ᾽ Ἀθηνογένους	tlg0030.tlg003.perseus-grc2.xml		2
grc.tlg0030.tlg004	Hyperides	Ὑπὲρ Εὐξενίππου ἐισαγγελίας ἀπολογία πρὸς Πολύευκτον	tlg0030.tlg004.perseus-grc2.xml		2
grc.tlg0030.tlg005	Hyperides	Κατὰ Δημοσθένους ὑπὲρ τῶν Ἁρπαλείων	tlg0030.tlg005.perseus-grc2.xml		2
grc.tlg0030.tlg006	Hyperides	Ἐπιτάφιος	tlg0030.tlg006.perseus-grc2.xml		2
grc.tlg0031.tlg001	New Testament	Ματθαίος	tlg0031.tlg001.perseus-grc2.xml		2
grc.tlg0031.tlg002	New Testament	Μάρκος	tlg0031.tlg002.perseus-grc2.xml		2
grc.tlg0031.tlg003	New Testament	Λουκᾶν	tlg0031.tlg003.perseus-grc2.xml		2
grc.tlg0031.tlg004	New Testament	Ἰωάννην	tlg0031.tlg004.perseus-grc2.xml		2
grc.tlg0031.tlg005	New Testament	Acts	tlg0031.tlg005.perseus-grc2.xml		2
grc.tlg0031.tlg006	New Testament	Ρωμαίους	tlg0031.tlg006.perseus-grc2.xml		2
grc.tlg0031.tlg007	New Testament	Κορίνθιους Α′	tlg0031.tlg007.perseus-grc2.xml		2
grc.tlg0031.tlg008	New Testament	Κορίνθιους Β′	tlg0031.tlg008.perseus-grc2.xml		2
grc.tlg0031.tlg009	New Testament	Γαλάτας	tlg0031.tlg009.perseus-grc2.xml		2
grc.tlg0031.tlg010	New Testament	Ἐφεσίους	tlg0031.tlg010.perseus-grc2.xml		2
grc.tlg0031.tlg011	New Testament	Φιλιππηνίους	tlg0031.tlg011.perseus-grc2.xml		2
grc.tlg0031.tlg012	New Testament	Κολασσαείς	tlg0031.tlg012.perseus-grc2.xml		2
grc.tlg0031.tlg013	New Testament	Θεσσαλονικείς Α′	tlg0031.tlg013.perseus-grc2.xml		2
grc.tlg0031.tlg014	New Testament	Θεσσαλονικείς Β′	tlg0031.tlg014.perseus-grc2.xml		2
grc.tlg0031.tlg015	New Testament	Τιμόθεον Α′	tlg0031.tlg015.perseus-grc2.xml		2
grc.tlg0031.tlg016	New Testament	>Τιμόθεον B′	tlg0031.tlg016.perseus-grc2.xml		2
grc.tlg0031.tlg017	New Testament	Τίτον	tlg0031.tlg017.perseus-grc2.xml		2
grc.tlg0031.tlg018	New Testament	Φιλήμονα	tlg0031.tlg018.perseus-grc2.xml		2
grc.tlg0031.tlg019	New Testament	Ἑβραίους	tlg0031.tlg019.perseus-grc2.xml		2
grc.tlg0031.tlg020	New Testament	Ἰακώβου	tlg0031.tlg020.perseus-grc2.xml		2
grc.tlg0031.tlg021	New Testament	Πέτρου Α′	tlg0031.tlg021.perseus-grc2.xml		2
grc.tlg0031.tlg022	New Testament	Πέτρου B′	tlg0031.tlg022.perseus-grc2.xml		2
grc.tlg0031.tlg023	New Testament	Ἰωάννου Α′	tlg0031.tlg023.perseus-grc2.xml		2
grc.tlg0031.tlg024	New Testament	Ἰωάννου Β′	tlg0031.tlg024.perseus-grc2.xml		2
grc.tlg0031.tlg025	New Testament	Ἰωάννου Γ′	tlg0031.tlg025.perseus-grc2.xml		2
grc.tlg0031.tlg026	New Testament	Ἰούδου	tlg0031.tlg026.perseus-grc2.xml		2
grc.tlg0031.tlg027	New Testament	Ἀποκάλυψις	tlg0031.tlg027.perseus-grc2.xml		2
grc.tlg0032.tlg001	Xenophon	Hellenica	tlg0032.tlg001.perseus-grc2.xml		2
grc.tlg0032.tlg002	Xenophon	Memorabilia	tlg0032.tlg002.perseus-grc2.xml		2
grc.tlg0032.tlg003	Xenophon	Economics	tlg0032.tlg003.perseus-grc2.xml		2
grc.tlg0032.tlg004	Xenophon	Symposium	tlg0032.tlg004.perseus-grc2.xml		2
grc.tlg0032.tlg005	Xenophon	Apology	tlg0032.tlg005.perseus-grc2.xml		2
grc.tlg0032.tlg006	Xenophon	Anabasis	tlg0032.tlg006.perseus-grc2.xml		2
grc.tlg0032.tlg007	Xenophon	Cyropaedia	tlg0032.tlg007.perseus-grc2.xml		2
grc.tlg0032.tlg008	Xenophon	Hiero	tlg0032.tlg008.perseus-grc2.xml		2
grc.tlg0032.tlg009	Xenophon	Agesilaus	tlg0032.tlg009.perseus-grc2.xml		2
grc.tlg0032.tlg010	Xenophon	Constitution of the Lacedaimonians	tlg0032.tlg010.perseus-grc2.xml		2
grc.tlg0032.tlg011	Xenophon	Ways and Means	tlg0032.tlg011.perseus-grc2.xml		2
grc.tlg0032.tlg012	Xenophon	On the Cavalry Commander	tlg0032.tlg012.perseus-grc2.xml		2
grc.tlg0032.tlg013	Xenophon	On the Cavalry Commander	tlg0032.tlg013.perseus-grc2.xml		2
grc.tlg0032.tlg014	Xenophon	On Hunting	tlg0032.tlg014.perseus-grc2.xml		2
grc.tlg0033.tlg001	Pindar	Ὀλυμπιονῖκαι	tlg0033.tlg001.perseus-grc2.xml		2
grc.tlg0033.tlg002	Pindar	Πυθιονῖκαι	tlg0033.tlg002.perseus-grc2.xml		2
grc.tlg0033.tlg003	Pindar	Νεμεονῖκαι	tlg0033.tlg003.perseus-grc2.xml		2
grc.tlg0033.tlg004	Pindar	Ἰσθμιονῖκαι	tlg0033.tlg004.perseus-grc2.xml		2
grc.tlg0034.tlg001	Lycurgus	Κατὰ Λεωκράτους	tlg0034.tlg001.perseus-grc2.xml		2
grc.tlg0035.tlg001	Moschus	Ἔρως δραπέτης	tlg0035.tlg001.perseus-grc2.xml		2
grc.tlg0035.tlg002	Moschus	Εὐρώπη	tlg0035.tlg002.perseus-grc2.xml		2
grc.tlg0035.tlg003	Moschus	Ἐπιτάφιος Βίωνος	tlg0035.tlg003.perseus-grc2.xml		2
grc.tlg0035.tlg004	Moschus	Μεγάρα	tlg0035.tlg004.perseus-grc2.xml		2
grc.tlg0035.tlg005	Moschus	Fragmenta	tlg0035.tlg005.perseus-grc2.xml		3
grc.tlg0036.tlg001	Bion of Phlossa	Αδώνιδος επιτάφιος	tlg0036.tlg001.perseus-grc2.xml		2
grc.tlg0036.tlg002	Bion of Phlossa	Μύρσων καὶ Λυκίδας	tlg0036.tlg002.perseus-grc2.xml		2
grc.tlg0036.tlg003	Bion of Phlossa	Fragmenta	tlg0036.tlg003.perseus-grc2.xml		3
grc.tlg0057.tlg010	Galen	Περί φυσικῶν δυνάμεων	tlg0057.tlg010.perseus-grc2.xml		2
grc.tlg0058.tlg001	Aeneas Tacticus	Περὶ τοῦ πῶς χρὴ πολιορκουμένους ἀντέχειν	tlg0058.tlg001.perseus-grc2.xml		2
grc.tlg0059.tlg001	Plato	Εὐθύφρων	tlg0059.tlg001.perseus-grc1.xml		2
grc.tlg0059.tlg002	Plato	Ἀπολογία Σωκράτους	tlg0059.tlg002.perseus-grc2.xml		2
grc.tlg0059.tlg003	Plato	Κρίτων	tlg0059.tlg003.perseus-grc2.xml		2
grc.tlg0059.tlg004	Plato	Φαίδων	tlg0059.tlg004.perseus-grc2.xml		2
grc.tlg0059.tlg005	Plato	Κρατύλος	tlg0059.tlg005.perseus-grc2.xml		2
grc.tlg0059.tlg006	Plato	Θεαίτητος	tlg0059.tlg006.perseus-grc2.xml		2
grc.tlg0059.tlg007	Plato	Σοφιστής	tlg0059.tlg007.perseus-grc2.xml		2
grc.tlg0059.tlg008	Plato	Πολιτικός	tlg0059.tlg008.perseus-grc2.xml		2
grc.tlg0059.tlg009	Plato	Παρμενίδης	tlg0059.tlg009.perseus-grc2.xml		2
grc.tlg0059.tlg010	Plato	Φίληβος	tlg0059.tlg010.perseus-grc2.xml		2
grc.tlg0059.tlg011	Plato	Συμπόσιον	tlg0059.tlg011.perseus-grc2.xml		2
grc.tlg0059.tlg012	Plato	Φαῖδρος	tlg0059.tlg012.perseus-grc2.xml		2
grc.tlg0059.tlg013	Plato	Ἀλκιβιάδης αʹ	tlg0059.tlg013.perseus-grc2.xml		2
grc.tlg0059.tlg014	Plato	Ἀλκιβιάδης βʹ	tlg0059.tlg014.perseus-grc2.xml		2
grc.tlg0059.tlg015	Plato	Ἵππαρχος	tlg0059.tlg015.perseus-grc2.xml		2
grc.tlg0059.tlg016	Plato	Ἐρασταί	tlg0059.tlg016.perseus-grc2.xml		2
grc.tlg0059.tlg017	Plato	Θεάγης	tlg0059.tlg017.perseus-grc2.xml		2
grc.tlg0059.tlg018	Plato	Χαρμίδης	tlg0059.tlg018.perseus-grc2.xml		2
grc.tlg0059.tlg019	Plato	Λάχης	tlg0059.tlg019.perseus-grc2.xml		2
grc.tlg0059.tlg020	Plato	Λύσις	tlg0059.tlg020.perseus-grc2.xml		2
grc.tlg0059.tlg021	Plato	Εὐθύδημος	tlg0059.tlg021.perseus-grc2.xml		2
grc.tlg0059.tlg022	Plato	Πρωταγόρας	tlg0059.tlg022.perseus-grc2.xml		2
grc.tlg0059.tlg023	Plato	Γοργίας	tlg0059.tlg023.perseus-grc2.xml		2
grc.tlg0059.tlg024	Plato	Μένων	tlg0059.tlg024.perseus-grc2.xml		2
grc.tlg0059.tlg025	Plato	Ἱππίας μείζων	tlg0059.tlg025.perseus-grc2.xml		2
grc.tlg0059.tlg026	Plato	Ἱππίας ἐλάττων	tlg0059.tlg026.perseus-grc2.xml		2
grc.tlg0059.tlg027	Plato	Ἴων	tlg0059.tlg027.perseus-grc2.xml		2
grc.tlg0059.tlg028	Plato	Μενέξενος	tlg0059.tlg028.perseus-grc2.xml		2
grc.tlg0059.tlg029	Plato	Κλειτοφῶν	tlg0059.tlg029.perseus-grc2.xml		2
grc.tlg0059.tlg030	Plato	Πολιτεία	tlg0059.tlg030.perseus-grc2.xml		2
grc.tlg0059.tlg031	Plato	Τίμαιος	tlg0059.tlg031.perseus-grc2.xml		2
grc.tlg0059.tlg032	Plato	Κριτίας	tlg0059.tlg032.perseus-grc2.xml		2
grc.tlg0059.tlg033	Plato	Μίνως	tlg0059.tlg033.perseus-grc2.xml		2
grc.tlg0059.tlg034	Plato	Νόμοι	tlg0059.tlg034.perseus-grc2.xml		2
grc.tlg0059.tlg035	Plato	Ἐπινομίς	tlg0059.tlg035.perseus-grc2.xml		2
grc.tlg0059.tlg036	Plato	Ἐπιστολαί	tlg0059.tlg036.perseus-grc2.xml		2
grc.tlg0060.tlg001	Diodorus Siculus	Βιβλιοθήκη Ἱστορική (Books 11-17)	tlg0060.tlg001.perseus-grc4.xml	tlg0060.tlg001.perseus-grc5.xml|tlg0060.tlg001.perseus-grc6.xml	2
grc.tlg0062.tlg001	Lucian of Samosata	Φάλαρις	tlg0062.tlg001.perseus-grc2.xml		2
grc.tlg0062.tlg002	Lucian of Samosata	Ἱππίας ἢ Βαλανεῖον	tlg0062.tlg002.perseus-grc2.xml		2
grc.tlg0062.tlg003	Lucian of Samosata	Προλαλιά. Διόνυσος	tlg0062.tlg003.perseus-grc2.xml		2
grc.tlg0062.tlg004	Lucian of Samosata	Προλαλιά. Ἡρακλῆς	tlg0062.tlg004.perseus-grc2.xml		2
grc.tlg0062.tlg005	Lucian of Samosata	Περὶ τοῦ Ἡλέκτρου ἢ Κύκνων	tlg0062.tlg005.perseus-grc2.xml		2
grc.tlg0062.tlg006	Lucian of Samosata	Μυίας Ἐγκώμιον	tlg0062.tlg006.perseus-grc2.xml		2
grc.tlg0062.tlg007	Lucian of Samosata	Νιγρίνου Φιλοσοφία	tlg0062.tlg007.perseus-grc2.xml		2
grc.tlg0062.tlg008	Lucian of Samosata	Δημώνακτος Βίος	tlg0062.tlg008.perseus-grc2.xml		2
grc.tlg0062.tlg009	Lucian of Samosata	Περὶ τοῦ Οἴκου	tlg0062.tlg009.perseus-grc2.xml		2
grc.tlg0062.tlg010	Lucian of Samosata	Πατρίδος Ἐγκώμιον	tlg0062.tlg010.perseus-grc2.xml		2
grc.tlg0062.tlg011	Lucian of Samosata	Μακρόβιοι	tlg0062.tlg011.perseus-grc2.xml		2
grc.tlg0062.tlg012	Lucian of Samosata	Ἀληθῶν Διηγημάτων	tlg0062.tlg012.perseus-grc2.xml		2
grc.tlg0062.tlg013	Lucian of Samosata	Περὶ τοῦ μὴ ῥᾳδίως πιστεύειν Διαβολῇ	tlg0062.tlg013.perseus-grc2.xml		2
grc.tlg0062.tlg014	Lucian of Samosata	Δίκη Συμφώνων	tlg0062.tlg014.perseus-grc2.xml		2
grc.tlg0062.tlg015	Lucian of Samosata	Συμπόσιον ἢ Λαπίθαι	tlg0062.tlg015.perseus-grc2.xml		2
grc.tlg0062.tlg016	Lucian of Samosata	Κατάπλους ἢ Τύραννος	tlg0062.tlg016.perseus-grc2.xml		2
grc.tlg0062.tlg017	Lucian of Samosata	Ζεὺς ἐλεγχόμενος	tlg0062.tlg017.perseus-grc2.xml		2
grc.tlg0062.tlg018	Lucian of Samosata	Ζεὺς Τραγῳδός	tlg0062.tlg018.perseus-grc2.xml		2
grc.tlg0062.tlg019	Lucian of Samosata	Ὄνειρος ἢ Ἀλεκτρυών	tlg0062.tlg019.perseus-grc2.xml		2
grc.tlg0062.tlg020	Lucian of Samosata	Προμηθεύς	tlg0062.tlg020.perseus-grc2.xml		2
grc.tlg0062.tlg021	Lucian of Samosata	Ἰκαρομένιππος ἢ Ὑπερνέφελος	tlg0062.tlg021.perseus-grc2.xml		2
grc.tlg0062.tlg022	Lucian of Samosata	Τίμων	tlg0062.tlg022.perseus-grc2.xml		2
grc.tlg0062.tlg023	Lucian of Samosata	Χάρων ἢ Ἐπισκοποῦντες	tlg0062.tlg023.perseus-grc2.xml		2
grc.tlg0062.tlg024	Lucian of Samosata	Βίων Πρᾶσις	tlg0062.tlg024.perseus-grc2.xml		2
grc.tlg0062.tlg025	Lucian of Samosata	Ἀναβιοῦντες ἢ Ἁλιεύς	tlg0062.tlg025.perseus-grc2.xml		2
grc.tlg0062.tlg026	Lucian of Samosata	Δὶς κατηγορούμενος	tlg0062.tlg026.perseus-grc2.xml		2
grc.tlg0062.tlg027	Lucian of Samosata	Περὶ Θυσιῶν	tlg0062.tlg027.perseus-grc2.xml		2
grc.tlg0062.tlg028	Lucian of Samosata	Πρὸς τὸν ἀπαίδευτον καὶ πολλὰ βιβλία ὠνούμενον	tlg0062.tlg028.perseus-grc2.xml		2
grc.tlg0062.tlg029	Lucian of Samosata	Περὶ τοῦ Ἐνυπνίου ἤτοι Βίος Λουκιανοῦ	tlg0062.tlg029.perseus-grc2.xml		2
grc.tlg0062.tlg030	Lucian of Samosata	Περὶ τοῦ Παρασίτου ὅτι Τέχνη ἡ Παρασιτική	tlg0062.tlg030.perseus-grc2.xml		2
grc.tlg0062.tlg031	Lucian of Samosata	Φιλοψευδὴς ἢ Ἀπιστῶν	tlg0062.tlg031.perseus-grc2.xml		2
grc.tlg0062.tlg032	Lucian of Samosata	Θεῶν Κρίσις	tlg0062.tlg032.perseus-grc2.xml		2
grc.tlg0062.tlg033	Lucian of Samosata	Περὶ τῶν ἐν Μισθῷ συνόντων	tlg0062.tlg033.perseus-grc2.xml		2
grc.tlg0062.tlg034	Lucian of Samosata	Ἀνάχαρσις ἢ Περὶ Γυμνασίων	tlg0062.tlg034.perseus-grc2.xml		2
grc.tlg0062.tlg035	Lucian of Samosata	Μένιππος ἢ Νεκυομαντεία	tlg0062.tlg035.perseus-grc2.xml		2
grc.tlg0062.tlg036	Lucian of Samosata	Περὶ Πένθους	tlg0062.tlg036.perseus-grc2.xml		2
grc.tlg0062.tlg037	Lucian of Samosata	Ῥητόρων Διδάσκαλος	tlg0062.tlg037.perseus-grc2.xml		2
grc.tlg0062.tlg038	Lucian of Samosata	Ἀλέξανδρος ἢ Ψευδόμαντις	tlg0062.tlg038.perseus-grc2.xml		2
grc.tlg0062.tlg039	Lucian of Samosata	Εἰκόνες	tlg0062.tlg039.perseus-grc2.xml		2
grc.tlg0062.tlg040	Lucian of Samosata	Ὑπὲρ τῶν Εἰκόνων	tlg0062.tlg040.perseus-grc2.xml		2
grc.tlg0062.tlg041	Lucian of Samosata	Περὶ τῆς Συρίης Θεοῦ	tlg0062.tlg041.perseus-grc2.xml		2
grc.tlg0062.tlg042	Lucian of Samosata	Περὶ τῆς Περεγρίνου Τελευτῆς	tlg0062.tlg042.perseus-grc2.xml		2
grc.tlg0062.tlg043	Lucian of Samosata	Δραπέται	tlg0062.tlg043.perseus-grc2.xml		2
grc.tlg0062.tlg044	Lucian of Samosata	Τόξαρις ἢ Φιλία	tlg0062.tlg044.perseus-grc2.xml		2
grc.tlg0062.tlg045	Lucian of Samosata	Περὶ Ὀρχήσεως	tlg0062.tlg045.perseus-grc2.xml		2
grc.tlg0062.tlg046	Lucian of Samosata	Λεξιφάνης	tlg0062.tlg046.perseus-grc2.xml		2
grc.tlg0062.tlg047	Lucian of Samosata	Εὐνοῦχος	tlg0062.tlg047.perseus-grc2.xml		2
grc.tlg0062.tlg048	Lucian of Samosata	Περὶ τῆς Ἀστρολογίας	tlg0062.tlg048.perseus-grc2.xml		2
grc.tlg0062.tlg049	Lucian of Samosata	Ψευδολογιστής	tlg0062.tlg049.perseus-grc2.xml		2
grc.tlg0062.tlg050	Lucian of Samosata	Θεῶν Ἐκκλησία	tlg0062.tlg050.perseus-grc2.xml		2
grc.tlg0062.tlg051	Lucian of Samosata	Τυραννοκτόνος	tlg0062.tlg051.perseus-grc2.xml		2
grc.tlg0062.tlg052	Lucian of Samosata	Ἀποκηρυττόμενος	tlg0062.tlg052.perseus-grc2.xml		2
grc.tlg0062.tlg053	Lucian of Samosata	Πῶς δεῖ Ἱστορίαν συγγράφειν	tlg0062.tlg053.perseus-grc3.xml	tlg0062.tlg053.perseus-grc2.xml	2
grc.tlg0062.tlg054	Lucian of Samosata	Περὶ τῶν Διψάδων	tlg0062.tlg054.perseus-grc3.xml	tlg0062.tlg054.perseus-grc2.xml	2
grc.tlg0062.tlg055	Lucian of Samosata	Τὰ πρὸς Κρόνον	tlg0062.tlg055.perseus-grc3.xml	tlg0062.tlg055.perseus-grc2.xml	2
grc.tlg0062.tlg056	Lucian of Samosata	Ἡρόδοτος ἢ Ἀετίων	tlg0062.tlg056.perseus-grc3.xml	tlg0062.tlg056.perseus-grc2.xml	2
grc.tlg0062.tlg057	Lucian of Samosata	Ζεύξις ἢ Ἀντίοχος	tlg0062.tlg057.perseus-grc3.xml	tlg0062.tlg057.perseus-grc2.xml	2
grc.tlg0062.tlg058	Lucian of Samosata	Ὑπὲρ τοῦ ἐν τῇ Προσαγορεύσει Πταίσματος	tlg0062.tlg058.perseus-grc3.xml	tlg0062.tlg058.perseus-grc2.xml	2
grc.tlg0062.tlg059	Lucian of Samosata	Ἀπολογία	tlg0062.tlg059.perseus-grc3.xml	tlg0062.tlg059.perseus-grc2.xml	2
grc.tlg0062.tlg060	Lucian of Samosata	Ἁρμονίδης	tlg0062.tlg060.perseus-grc3.xml	tlg0062.tlg060.perseus-grc2.xml	2
grc.tlg0062.tlg061	Lucian of Samosata	Διάλογος πρὸς Ἡσίοδον	tlg0062.tlg061.perseus-grc2.xml	tlg0062.tlg061.perseus-grc3.xml	2
grc.tlg0062.tlg062	Lucian of Samosata	Σκύθης ἢ Πρόξενος	tlg0062.tlg062.perseus-grc3.xml	tlg0062.tlg062.perseus-grc2.xml	2
grc.tlg0062.tlg063	Lucian of Samosata	Ἑρμότιμος ἢ Περὶ Αἱρέσεων	tlg0062.tlg063.perseus-grc2.xml	tlg0062.tlg063.perseus-grc3.xml	2
grc.tlg0062.tlg064	Lucian of Samosata	Πρὸς τὸν εἰπόντα Προμηθεὺς εἶ ἐν λόγοις	tlg0062.tlg064.perseus-grc3.xml	tlg0062.tlg064.perseus-grc2.xml	2
grc.tlg0062.tlg065	Lucian of Samosata	Πλοῖον ἢ Εὐχαί	tlg0062.tlg065.perseus-grc3.xml	tlg0062.tlg065.perseus-grc2.xml	2
grc.tlg0062.tlg066	Lucian of Samosata	Νεκρικοὶ Διάλογοι	tlg0062.tlg066.perseus-grc2.xml	tlg0062.tlg066.perseus-grc3.xml	2
grc.tlg0062.tlg067	Lucian of Samosata	Ἐνάλιοι Διάλογοι	tlg0062.tlg067.perseus-grc2.xml	tlg0062.tlg067.perseus-grc3.xml	2
grc.tlg0062.tlg068	Lucian of Samosata	Θεῶν Διάλογοι	tlg0062.tlg068.perseus-grc2.xml	tlg0062.tlg068.perseus-grc3.xml	2
grc.tlg0062.tlg069	Lucian of Samosata	Ἑταιρικοὶ Διάλογοι	tlg0062.tlg069.perseus-grc2.xml	tlg0062.tlg069.perseus-grc3.xml	2
grc.tlg0062.tlg070	Lucian of Samosata	Ψευδοσοφιστής ἢ Σολοικιστής	tlg0062.tlg070.perseus-grc2.xml		2
grc.tlg0062.tlg071	Lucian of Samosata	Ποδάγρα	tlg0062.tlg071.perseus-grc2.xml		2
grc.tlg0074.tlg001	Arrian	Anabasis	tlg0074.tlg001.perseus-grc2.xml		2
grc.tlg0074.tlg002	Arrian	Ἰνδική	tlg0074.tlg002.perseus-grc2.xml		2
grc.tlg0074.tlg003	Arrian	Κυνηγετικός	tlg0074.tlg003.perseus-grc2.xml		2
grc.tlg0074.tlg004	Arrian	Περίπλους τοῦ Εὐξείνου Πόντου	tlg0074.tlg004.perseus-grc2.xml		2
grc.tlg0074.tlg005	Arrian	Τέχνη τακτική	tlg0074.tlg005.perseus-grc2.xml		2
grc.tlg0074.tlg006	Arrian	Ἔκταξις κατὰ Ἀλανῶν	tlg0074.tlg006.perseus-grc2.xml		2
grc.tlg0081.tlg001	Dionysius of Halicarnassus	Ῥωμαϊκὴ Ἀρχαιολογία	tlg0081.tlg001.perseus-grc2.xml		2
grc.tlg0081.tlg002	Dionysius of Halicarnassus	Περὶ τῶν ἀρχαίων ῥητόρων	tlg0081.tlg002.perseus-grc2.xml		2
grc.tlg0081.tlg003	Dionysius of Halicarnassus	Λυσίας συρακούσιος πατρόθεν	tlg0081.tlg003.perseus-grc2.xml		2
grc.tlg0081.tlg004	Dionysius of Halicarnassus	Ἰσοκρατης Ἀθηναῖος	tlg0081.tlg004.perseus-grc2.xml		2
grc.tlg0081.tlg005	Dionysius of Halicarnassus	Ἰσαῖος Ἀθηναῖος	tlg0081.tlg005.perseus-grc2.xml		2
grc.tlg0081.tlg006	Dionysius of Halicarnassus	Περί της Δημοσθένους λέξεως	tlg0081.tlg006.perseus-grc2.xml		2
grc.tlg0081.tlg007	Dionysius of Halicarnassus	Libri secundi de antiquis oratoribus reliquiae	tlg0081.tlg007.perseus-grc2.xml		2
grc.tlg0081.tlg008	Dionysius of Halicarnassus	Ἐπιστολὴ πρὸς Ἀμμαῖον	tlg0081.tlg008.perseus-grc2.xml		2
grc.tlg0081.tlg009	Dionysius of Halicarnassus	Περὶ Δεινάρχου	tlg0081.tlg009.perseus-grc2.xml		2
grc.tlg0081.tlg010	Dionysius of Halicarnassus	Περὶ Θουκιδίδου	tlg0081.tlg010.perseus-grc2.xml		2
grc.tlg0081.tlg011	Dionysius of Halicarnassus	Περὶ τῶν Θουκιδίδου ἰδιωμάτων πρὸς Ἀμμαῖον	tlg0081.tlg011.perseus-grc2.xml		2
grc.tlg0081.tlg012	Dionysius of Halicarnassus	Περὶ συνθέσεως ὀνομάτων	tlg0081.tlg012.perseus-grc2.xml		2
grc.tlg0081.tlg015	Dionysius of Halicarnassus	Ἐπιστολὴ πρὸς Πομπήιον	tlg0081.tlg015.perseus-grc2.xml		2
grc.tlg0085.tlg001	Aeschylus	Ἱκέτιδες	tlg0085.tlg001.perseus-grc2.xml		2
grc.tlg0085.tlg002	Aeschylus	Πέρσαι	tlg0085.tlg002.perseus-grc2.xml		2
grc.tlg0085.tlg003	Aeschylus	Προμηθεὺς δεσμώτης	tlg0085.tlg003.perseus-grc2.xml		2
grc.tlg0085.tlg004	Aeschylus	Ἑπτὰ ἐπὶ Θήβας	tlg0085.tlg004.perseus-grc2.xml		2
grc.tlg0085.tlg005	Aeschylus	Ἀγαμέμνων	tlg0085.tlg005.perseus-grc2.xml		2
grc.tlg0085.tlg006	Aeschylus	Χοηφóρoι	tlg0085.tlg006.perseus-grc2.xml		2
grc.tlg0085.tlg007	Aeschylus	Εὐμενίδες	tlg0085.tlg007.perseus-grc2.xml		2
grc.tlg0086.tlg003	Aristotle	Ἀθηναίων πολιτεία	tlg0086.tlg003.perseus-grc2.xml		2
grc.tlg0086.tlg009	Aristotle	Ἠθικὰ Εὐδήμεια	tlg0086.tlg009.perseus-grc2.xml		2
grc.tlg0086.tlg010	Aristotle	Ἠθικὰ Νικομάχεια	tlg0086.tlg010.perseus-grc2.xml		2
grc.tlg0086.tlg025	Aristotle	τὰ Μετὰ τὰ Φυσικά	tlg0086.tlg025.perseus-grc2.xml		2
grc.tlg0086.tlg029	Aristotle	Οἰκονομικά	tlg0086.tlg029.perseus-grc2.xml		2
grc.tlg0086.tlg034	Aristotle	Περὶ ποιητικῆς	tlg0086.tlg034.perseus-grc2.xml	tlg0086.tlg034.digicorpus-grc2.xml	2
grc.tlg0086.tlg035	Aristotle	Πολιτικά	tlg0086.tlg035.perseus-grc2.xml		2
grc.tlg0086.tlg038	Aristotle	Ῥητορική	tlg0086.tlg038.perseus-grc2.xml		2
grc.tlg0086.tlg045	Aristotle	περὶ Ἀρετῶν καὶ Κακιῶν	tlg0086.tlg045.perseus-grc2.xml		2
grc.tlg0090.tlg001	Agathemerus	Geographiae informatio, Geographi graeci minores Volumen Secundum	tlg0090.tlg001.opp-grc1.xml		2
grc.tlg0093.tlg009	Theophrastus	Χαρακτῆρες	tlg0093.tlg009.perseus-grc2.xml		2
grc.tlg0094.tlg002	Pseudo-Plutarch	περὶ Μουσικῆς	tlg0094.tlg002.perseus-grc2.xml		2
grc.tlg0094.tlg003	Pseudo-Plutarch	Περὶ τῶν ἀρεσκόντων τοῖς φιλοσόφοις φυσικῶν δογμάτων	tlg0094.tlg003.perseus-grc2.xml		2
grc.tlg0099.tlg001	Strabo	Γεωγραφικά	tlg0099.tlg001.perseus-grc2.xml		2
grc.tlg0199.tlg001	Bacchylides	Ἐπίνικοι	tlg0199.tlg001.perseus-grc2.xml		2
grc.tlg0199.tlg002	Bacchylides	Διθύραμβοι	tlg0199.tlg002.perseus-grc2.xml		2
grc.tlg0284.tlg001	Aristides, Aelius	Εἰς Δία	tlg0284.tlg001.perseus-grc2.xml		2
grc.tlg0284.tlg002	Aristides, Aelius	Ἀθηνᾶ	tlg0284.tlg002.perseus-grc2.xml		2
grc.tlg0284.tlg003	Aristides, Aelius	Ἰσθμικὸς εἰς Ποσειδῶνα	tlg0284.tlg003.perseus-grc2.xml		2
grc.tlg0284.tlg004	Aristides, Aelius	Διόνυσος	tlg0284.tlg004.perseus-grc2.xml		2
grc.tlg0284.tlg005	Aristides, Aelius	Ἰσθμικὸς εἰς Ποσειδῶνα	tlg0284.tlg005.perseus-grc2.xml		2
grc.tlg0284.tlg006	Aristides, Aelius	Λαλιὰ εἰς Ἀσκληπιόν	tlg0284.tlg006.perseus-grc2.xml		2
grc.tlg0284.tlg007	Aristides, Aelius	Ἀσκληπιάδαι	tlg0284.tlg007.perseus-grc2.xml		2
grc.tlg0284.tlg008	Aristides, Aelius	Εἰς τὸν Σάραπιν	tlg0284.tlg008.perseus-grc2.xml		2
grc.tlg0284.tlg009	Aristides, Aelius	Εἰς βασιλέα [sp.]	tlg0284.tlg009.perseus-grc2.xml		2
grc.tlg0284.tlg010	Aristides, Aelius	Ἀπελλᾶ γενεθλιακός	tlg0284.tlg010.perseus-grc2.xml		2
grc.tlg0284.tlg011	Aristides, Aelius	εἰς Ἐτεωνέα ἐπικήδειος	tlg0284.tlg011.perseus-grc2.xml		2
grc.tlg0284.tlg012	Aristides, Aelius	Ἐπὶ Ἀλεξάνδρῳ ἐπιτάφιος	tlg0284.tlg012.perseus-grc2.xml		2
grc.tlg0284.tlg013	Aristides, Aelius	Παναθηναϊκός	tlg0284.tlg013.perseus-grc2.xml		2
grc.tlg0284.tlg014	Aristides, Aelius	Ῥώμης ἐγκώμιον	tlg0284.tlg014.perseus-grc2.xml		2
grc.tlg0284.tlg015	Aristides, Aelius	Σμυρναϊκὸς πολιτικός	tlg0284.tlg015.perseus-grc2.xml		2
grc.tlg0284.tlg016	Aristides, Aelius	Πανηγυρικὸς ἐν Κυζίκῳ περὶ τοῦ ναοῦ	tlg0284.tlg016.perseus-grc2.xml		2
grc.tlg0284.tlg017	Aristides, Aelius	Εἰς τὸ Αἰγαῖον πέλαγος	tlg0284.tlg017.perseus-grc2.xml		2
grc.tlg0284.tlg018	Aristides, Aelius	Εἰς τὸ φρέαρ τοῦ Ἀσκληπιοῦ	tlg0284.tlg018.perseus-grc2.xml		2
grc.tlg0284.tlg019	Aristides, Aelius	Ἐλευσίνιος	tlg0284.tlg019.perseus-grc2.xml		2
grc.tlg0284.tlg020	Aristides, Aelius	Μονῳδία ἐπὶ Σμύρνῃ	tlg0284.tlg020.perseus-grc2.xml		2
grc.tlg0284.tlg021	Aristides, Aelius	Παλινῳδία ἐπὶ Σμύρνῃ καὶ τῷ ταύτης ἀνοικισμῷ	tlg0284.tlg021.perseus-grc2.xml		2
grc.tlg0284.tlg022	Aristides, Aelius	Προσφωνητικός Σμυρναϊκός	tlg0284.tlg022.perseus-grc2.xml		2
grc.tlg0284.tlg023	Aristides, Aelius	Ἱεροὶ λόγοι πρῶτος	tlg0284.tlg023.perseus-grc2.xml		2
grc.tlg0284.tlg024	Aristides, Aelius	Ἱεροὶ λόγοι δεύτερος	tlg0284.tlg024.perseus-grc2.xml		2
grc.tlg0284.tlg025	Aristides, Aelius	Ἱεροὶ λόγοι τρίτος	tlg0284.tlg025.perseus-grc2.xml		2
grc.tlg0284.tlg026	Aristides, Aelius	Ἱεροὶ λόγοι τέταρτος	tlg0284.tlg026.perseus-grc2.xml		2
grc.tlg0284.tlg027	Aristides, Aelius	Ἱεροὶ λόγοι πέμπτος	tlg0284.tlg027.perseus-grc2.xml		2
grc.tlg0284.tlg028	Aristides, Aelius	Ἱεροὶ λόγοι ἕκτος	tlg0284.tlg028.perseus-grc2.xml		2
grc.tlg0284.tlg029	Aristides, Aelius	Περὶ τοῦ πέμπειν βοήθειαν τοῖς ἐν Σικελίᾳ	tlg0284.tlg029.perseus-grc2.xml		2
grc.tlg0284.tlg030	Aristides, Aelius	Εἰς τὸ ἐναντίον	tlg0284.tlg030.perseus-grc2.xml		2
grc.tlg0284.tlg031	Aristides, Aelius	Ὑπὲρ τῆς πρὸς Λακεδαιμονίους εἰρήνης	tlg0284.tlg031.perseus-grc2.xml		2
grc.tlg0284.tlg032	Aristides, Aelius	Ὑπὲρ τῆς πρὸς Ἀθηναίους εἰρήνης	tlg0284.tlg032.perseus-grc2.xml		2
grc.tlg0284.tlg033	Aristides, Aelius	Λευκτρικὸς Α. (ὑπὲρ Λακεδαιμονίων πρῶτος)	tlg0284.tlg033.perseus-grc2.xml		2
grc.tlg0284.tlg034	Aristides, Aelius	Λευκτρικὸς Β. (ὑπὲρ Θηβαίων πρῶτος)	tlg0284.tlg034.perseus-grc2.xml		2
grc.tlg0284.tlg035	Aristides, Aelius	Λευκτρικὸς Γ. (ὑπὲρ Λακεδαιμονίων δεύτερος)	tlg0284.tlg035.perseus-grc2.xml		2
grc.tlg0284.tlg036	Aristides, Aelius	Λευκτρικὸς Δ. (ὑπὲρ Θηβαίων δεύτερος)	tlg0284.tlg036.perseus-grc2.xml		2
grc.tlg0284.tlg037	Aristides, Aelius	Λευκτρικὸς Ε. (ὑπὲρ μηδετέροις βοηθεῖν)	tlg0284.tlg037.perseus-grc2.xml		2
grc.tlg0284.tlg038	Aristides, Aelius	Συμμαχικὸς Α.	tlg0284.tlg038.perseus-grc2.xml		2
grc.tlg0284.tlg039	Aristides, Aelius	Συμμαχικὸς Β. (πρὸς Θηβαίους περὶ τῆς συμμαχίας)	tlg0284.tlg039.perseus-grc2.xml		2
grc.tlg0284.tlg040	Aristides, Aelius	Συμβουλευτικὸς περὶ τοῦ μὴ δεῖν κωμῳδεῖν	tlg0284.tlg040.perseus-grc2.xml		2
grc.tlg0284.tlg041	Aristides, Aelius	Ἐπιστολὴ περὶ Σμύρνης	tlg0284.tlg041.perseus-grc2.xml		2
grc.tlg0284.tlg042	Aristides, Aelius	Περὶ ὁμονοίας ταῖς πόλεσιν	tlg0284.tlg042.perseus-grc2.xml		2
grc.tlg0284.tlg043	Aristides, Aelius	Ῥοδιακός [sp.]	tlg0284.tlg043.perseus-grc2.xml		2
grc.tlg0284.tlg044	Aristides, Aelius	Ῥοδίοις περὶ ὁμονοίας	tlg0284.tlg044.perseus-grc2.xml		2
grc.tlg0284.tlg045	Aristides, Aelius	Πρὸς Πλάτωνα περὶ ῥητορικῆς	tlg0284.tlg045.perseus-grc2.xml		2
grc.tlg0284.tlg046	Aristides, Aelius	Πρὸς Πλάτωνα ὑπὲρ τῶν τεττάρων	tlg0284.tlg046.perseus-grc2.xml		2
grc.tlg0284.tlg047	Aristides, Aelius	Πρὸς Καπίτωνα	tlg0284.tlg047.perseus-grc2.xml		2
grc.tlg0284.tlg048	Aristides, Aelius	Αἰγύπτιος	tlg0284.tlg048.perseus-grc2.xml		2
grc.tlg0284.tlg049	Aristides, Aelius	Περὶ τοῦ παραφθέγματος	tlg0284.tlg049.perseus-grc2.xml		2
grc.tlg0284.tlg050	Aristides, Aelius	Κατὰ τῶν ἐξορχουμένων	tlg0284.tlg050.perseus-grc2.xml		2
grc.tlg0284.tlg051	Aristides, Aelius	Πρὸς τοὺς αἰτιωμένους ὅτι μὴ μελετῴη	tlg0284.tlg051.perseus-grc2.xml		2
grc.tlg0284.tlg052	Aristides, Aelius	Πρεσβευτικὸς πρὸς Ἀχιλλέα	tlg0284.tlg052.perseus-grc2.xml		2
grc.tlg0284.tlg053	Aristides, Aelius	Πρὸς Δημοσθένη περὶ ἀτελείας	tlg0284.tlg053.perseus-grc2.xml		2
grc.tlg0284.tlg054	Aristides, Aelius	Πρὸς Λεπτίνην ὑπὲρ ἀτελείας	tlg0284.tlg054.perseus-grc2.xml		2
grc.tlg0284.tlg055	Aristides, Aelius	Πανηγυρικὸς ἐπὶ τῷ ὕδατι ἐν Περγάμῳ	tlg0284.tlg055.perseus-grc2.xml		2
grc.tlg0284.tlg056	Aristides, Aelius	Περὶ πολιτικοῦ λόγου	tlg0284.tlg056.perseus-grc2.xml		2
grc.tlg0341.tlg002	Lycophron	Ἀλεξάνδρα	tlg0341.tlg002.perseus-grc2.xml		2
grc.tlg0363.tlg007	Claudius Ptolemaeus	Τετράβιβλος	tlg0363.tlg007.perseus-grc2.xml		2
grc.tlg0385.tlg001	Cassius Dio Cocceianus	Ῥωμαϊκὴ Ἱστορία (Books 36-55)	tlg0385.tlg001.perseus-grc2.xml		2
grc.tlg0525.tlg001	Pausanias	Ἑλλάδος Περιηγήσεως	tlg0525.tlg001.perseus-grc2.xml		2
grc.tlg0526.tlg001	Flavius Josephus	Ἰουδαϊκὴ ἀρχαιολογία	tlg0526.tlg001.perseus-grc2.xml		2
grc.tlg0526.tlg002	Flavius Josephus	Ἰωσήπου βίος	tlg0526.tlg002.perseus-grc2.xml		2
grc.tlg0526.tlg003	Flavius Josephus	περὶ ἀρχαιότητος Ἰουδαίων	tlg0526.tlg003.perseus-grc2.xml		2
grc.tlg0526.tlg004	Flavius Josephus	Ἰουδαϊκοῦ πολέμου πρὸς Ῥωμαίους	tlg0526.tlg004.perseus-grc2.xml		2
grc.tlg0532.tlg001	Achilles Tatius	τὰ κατὰ Λευκίππην καὶ Kλειτoφῶντα	tlg0532.tlg001.perseus-grc2.xml		2
grc.tlg0533.tlg003	Callimachus	Ἐπιγράμματα	tlg0533.tlg003.perseus-grc2.xml		2
grc.tlg0533.tlg004	Callimachus	Ἐπιγράμματα	tlg0533.tlg004.perseus-grc2.xml		3
grc.tlg0533.tlg015	Callimachus	εἰς Δία	tlg0533.tlg015.perseus-grc3.xml	tlg0533.tlg015.perseus-grc4.xml	2
grc.tlg0533.tlg016	Callimachus	εἰς Απόλλωνα	tlg0533.tlg016.perseus-grc3.xml	tlg0533.tlg016.perseus-grc4.xml	2
grc.tlg0533.tlg017	Callimachus	εἰς Ἄρτεμιν	tlg0533.tlg017.perseus-grc3.xml	tlg0533.tlg017.perseus-grc4.xml	2
grc.tlg0533.tlg018	Callimachus	εἰς Δῆλον	tlg0533.tlg018.perseus-grc3.xml	tlg0533.tlg018.perseus-grc4.xml	2
grc.tlg0533.tlg019	Callimachus	εἰς Λουτρά τῆς Παλλάδος	tlg0533.tlg019.perseus-grc3.xml	tlg0533.tlg019.perseus-grc4.xml	2
grc.tlg0533.tlg020	Callimachus	εἰς Δήμητρα	tlg0533.tlg020.perseus-grc3.xml	tlg0533.tlg020.perseus-grc4.xml	2
grc.tlg0535.tlg001	Demades	Ὑπὲρ τῆς δωδεκαετίας	tlg0535.tlg001.perseus-grc2.xml		2
grc.tlg0540.tlg001	Lysias	ὑπὲρ τοῦ Ἐρατοσθένους φόνου ἀπολογία	tlg0540.tlg001.perseus-grc2.xml		2
grc.tlg0540.tlg002	Lysias	Ἐπιτάφιος τοῖς Κορινθίων βοηθοῖς	tlg0540.tlg002.perseus-grc2.xml		2
grc.tlg0540.tlg003	Lysias	πρὸς Σίμωνα ἀπολογία	tlg0540.tlg003.perseus-grc2.xml		2
grc.tlg0540.tlg004	Lysias	περὶ τραύματος ἐκ προνοίας, ὑπὲρ οὗ καὶ πρὸς ὃν ἄδηλον	tlg0540.tlg004.perseus-grc2.xml		2
grc.tlg0540.tlg005	Lysias	ὑπὲρ Καλλίου ἱεροσυλίας ἀπολογία	tlg0540.tlg005.perseus-grc2.xml		2
grc.tlg0540.tlg006	Lysias	κατ᾽ Ἀνδοκίδου ἀσεβείας	tlg0540.tlg006.perseus-grc2.xml		2
grc.tlg0540.tlg007	Lysias	Ἀρεοπαγιτικὸς περὶ τοῦ σηκοῦ ἀπολογία	tlg0540.tlg007.perseus-grc2.xml		2
grc.tlg0540.tlg008	Lysias	κατηγορία πρὸς τοὺς συνουσιαστὰς κακολογιῶν	tlg0540.tlg008.perseus-grc2.xml		2
grc.tlg0540.tlg009	Lysias	ὑπὲρ τοῦ στρατιωτοῦ	tlg0540.tlg009.perseus-grc2.xml		2
grc.tlg0540.tlg010	Lysias	κατὰ θεομνήστου, Α	tlg0540.tlg010.perseus-grc2.xml		2
grc.tlg0540.tlg011	Lysias	κατὰ θεομν́ηστου, Β	tlg0540.tlg011.perseus-grc2.xml		2
grc.tlg0540.tlg012	Lysias	κατὰ Ερατοσθένους τοῦ γενομένου τῶν τριάκοντα, ὃν αὐτὸς εἶπε Λυσίας	tlg0540.tlg012.perseus-grc2.xml		2
grc.tlg0540.tlg013	Lysias	κατὰ Ἀγοράτου ἐνδείξεως	tlg0540.tlg013.perseus-grc2.xml		2
grc.tlg0540.tlg014	Lysias	κατὰ Ἀλκιβιάδου λιποταξίου	tlg0540.tlg014.perseus-grc2.xml		2
grc.tlg0540.tlg015	Lysias	κατὰ Ἀλκιβιάδου ἀστρατείας	tlg0540.tlg015.perseus-grc2.xml		2
grc.tlg0540.tlg016	Lysias	ἐν βουλῇ Μαντιθέῳ δοκιμαζομένῳ ἀπολογία	tlg0540.tlg016.perseus-grc2.xml		2
grc.tlg0540.tlg017	Lysias	περὶ τῶν Ἐράτωνος χρημάτων: πρὸς τὸ δημόσιον	tlg0540.tlg017.perseus-grc2.xml		2
grc.tlg0540.tlg018	Lysias	περὶ τῆς δημεύσεως τῶν τοῦ Νικίου ἀδέλφου ἐπίλογος	tlg0540.tlg018.perseus-grc2.xml		2
grc.tlg0540.tlg019	Lysias	ὑπὲρ τῶν Ἀριστοφάνους χρημάτων, πρὸς τὸ δημόσιον	tlg0540.tlg019.perseus-grc2.xml		2
grc.tlg0540.tlg020	Lysias	ὑπὲρ Πολυστράτου	tlg0540.tlg020.perseus-grc2.xml		2
grc.tlg0540.tlg021	Lysias	ἀπολογία δωροδοκίας ἀπαράσημος	tlg0540.tlg021.perseus-grc2.xml		2
grc.tlg0540.tlg022	Lysias	κατὰ τῶν σιτοπωλῶν	tlg0540.tlg022.perseus-grc2.xml		2
grc.tlg0540.tlg023	Lysias	κατὰ Παγκλέωνος ὅτι οὐκ ἦν Πλαταιεύς	tlg0540.tlg023.perseus-grc2.xml		2
grc.tlg0540.tlg024	Lysias	Πρὸς τὴν εἰσαγγελίαν περὶ τοῦ μὴ δίδοσθαι τῷ ἀδυνάτῳ ἀργύριον	tlg0540.tlg024.perseus-grc2.xml		2
grc.tlg0540.tlg025	Lysias	δήμου καταλύσεως ἀπολογία	tlg0540.tlg025.perseus-grc2.xml		2
grc.tlg0540.tlg026	Lysias	περὶ τῆς Εὐάνδρου δοκιμασίας	tlg0540.tlg026.perseus-grc2.xml		2
grc.tlg0540.tlg027	Lysias	κατὰ Ἐπικράτους καὶ τῶν συμπρεσβευτῶν ἐπίλογος ὡς Θεόδωρος	tlg0540.tlg027.perseus-grc2.xml		2
grc.tlg0540.tlg028	Lysias	κατὰ Ἐργοκλέους ἐπίλογος	tlg0540.tlg028.perseus-grc2.xml		2
grc.tlg0540.tlg029	Lysias	κατὰ Φιλοκράτους ἐπίλογος	tlg0540.tlg029.perseus-grc2.xml		2
grc.tlg0540.tlg030	Lysias	κατὰ Νικομάχου γραμματέως εὐθυνῶν κατηγορία	tlg0540.tlg030.perseus-grc2.xml		2
grc.tlg0540.tlg031	Lysias	κατὰ Φίλωνος δοκιμασίας	tlg0540.tlg031.perseus-grc2.xml		2
grc.tlg0540.tlg032	Lysias	κατὰ Διογείτονος	tlg0540.tlg032.perseus-grc2.xml		2
grc.tlg0540.tlg033	Lysias	Ολυμπιακός	tlg0540.tlg033.perseus-grc2.xml		2
grc.tlg0540.tlg034	Lysias	περὶ τοῦ μὴ καταλῦσαι τὴν πάτριον πολιτείαν Αθήνησι	tlg0540.tlg034.perseus-grc2.xml		2
grc.tlg0543.tlg001	Polybius	Ἱστορίαι	tlg0543.tlg001.perseus-grc2.xml		2
grc.tlg0545.tlg001	Aelian	Περὶ ζῴων ἰδιότητος	tlg0545.tlg001.perseus-grc2.xml		2
grc.tlg0545.tlg002	Aelian	Ποικίλη ἱστορία	tlg0545.tlg002.perseus-grc2.xml		2
grc.tlg0545.tlg003	Aelian	ἐκ τῶν Αἰλιανοῦ ἀγροικικῶν ἐπιστολῶν	tlg0545.tlg003.perseus-grc2.xml		2
grc.tlg0548.tlg001	Apollodorus	Βιβλιοθήκη	tlg0548.tlg001.perseus-grc2.xml		2
grc.tlg0548.tlg002	Apollodorus	Epitome	tlg0548.tlg002.perseus-grc2.xml		3
grc.tlg0551.tlg002	Appianus of Alexandria	ἐκ τῆς βασιλικῆς	tlg0551.tlg002.perseus-grc2.xml		2
grc.tlg0551.tlg003	Appianus of Alexandria	ἐκ τῆς Ἰταλικῆς	tlg0551.tlg003.perseus-grc2.xml		2
grc.tlg0551.tlg004	Appianus of Alexandria	ἐκ τῆς Σαυνιτικῆς	tlg0551.tlg004.perseus-grc2.xml		2
grc.tlg0551.tlg005	Appianus of Alexandria	ἐκ τῆς Κελτῖκης	tlg0551.tlg005.perseus-grc2.xml		2
grc.tlg0551.tlg006	Appianus of Alexandria	ἐκ τῆς Σικελῖκης καὶ νησιωτικής	tlg0551.tlg006.perseus-grc2.xml		2
grc.tlg0551.tlg007	Appianus of Alexandria	Ἰβηρική	tlg0551.tlg007.perseus-grc2.xml		2
grc.tlg0551.tlg008	Appianus of Alexandria	Ἀννιβαϊκή	tlg0551.tlg008.perseus-grc2.xml		2
grc.tlg0551.tlg009	Appianus of Alexandria	Λιβυκή	tlg0551.tlg009.perseus-grc2.xml		2
grc.tlg0551.tlg010	Appianus of Alexandria	ἐκ τῆς Νομαδικῆς	tlg0551.tlg010.perseus-grc2.xml		2
grc.tlg0551.tlg011	Appianus of Alexandria	ἐκ τῆς Μακεδονικῆς	tlg0551.tlg011.perseus-grc2.xml		2
grc.tlg0551.tlg012	Appianus of Alexandria	Ἰλλυρική	tlg0551.tlg012.perseus-grc2.xml		2
grc.tlg0551.tlg013	Appianus of Alexandria	Συριακή	tlg0551.tlg013.perseus-grc2.xml		2
grc.tlg0551.tlg014	Appianus of Alexandria	Μιθριδάτειος	tlg0551.tlg014.perseus-grc2.xml		2
grc.tlg0551.tlg017	Appianus of Alexandria	Ἐμφυλίων Πρώτη	tlg0551.tlg017.perseus-grc2.xml		2
grc.tlg0554.tlg001	Chariton of Aphrodisias	De Chaerea et Callirhoe	tlg0554.tlg001.perseus-grc1.xml		2
grc.tlg0555.tlg001	Clement of Alexandria	Προτρεπτικὸς πρὸς Ἕλληνας	tlg0555.tlg001.perseus-grc2.xml		2
grc.tlg0555.tlg004	Clement of Alexandria	Στρώματα	tlg0555.tlg004.perseus-grc2.xml		2
grc.tlg0555.tlg006	Clement of Alexandria	τίς ὁ σωζόμενος πλούσιος	tlg0555.tlg006.perseus-grc2.xml		2
grc.tlg0555.tlg008	Clement of Alexandria	ὁ Προτρεπτικὸς εἰς ὑπομονὴν ἢ πρὸς τοὺς νεωστὶ βεβαπτισμένους (Fr. 44)	tlg0555.tlg008.perseus-grc2.xml		3
grc.tlg0556.tlg001	Asclepiodotus	Τέχνη τακτική	tlg0556.tlg001.perseus-grc2.xml		2
grc.tlg0557.tlg001	Epictetus	Ἀρριανοῦ τῶν Ἐπικτήτου Διατριβῶν	tlg0557.tlg001.perseus-grc2.xml		2
grc.tlg0557.tlg002	Epictetus	Ἐγχειρίδιον	tlg0557.tlg002.perseus-grc2.xml		2
grc.tlg0557.tlg003	Epictetus	Dissertationum Epictetearum sive ab Arriano sive ab aliis digestarum fragmenta	tlg0557.tlg003.perseus-grc2.xml		3
grc.tlg0557.tlg004	Epictetus	Gnomologium Epicteteum (e Stobaei libris 1-2)	tlg0557.tlg004.perseus-grc2.xml		2
grc.tlg0557.tlg005	Epictetus	Gnomologium Epicteteum (e Stobaei libris 3-4)	tlg0557.tlg005.perseus-grc2.xml		2
grc.tlg0560.tlg001	Longinus	Περὶ ὕψους	tlg0560.tlg001.perseus-grc2.xml		2
grc.tlg0561.tlg001	Longus	Δάφνις καὶ Χλόη	tlg0561.tlg001.perseus-grc2.xml		2
grc.tlg0562.tlg001	Marcus Aurelius	Ad Se Ipsum	tlg0562.tlg001.perseus-grc2.xml		2
grc.tlg0612.tlg001	Dio Chrysostom	Orationes	tlg0612.tlg001.perseus-grc2.xml		2
grc.tlg0613.tlg001	Demetrius of Phaleron	Περὶ ἑρμηνείας	tlg0613.tlg001.perseus-grc2.xml		2
grc.tlg0627.tlg001	Hippocrates	Περὶ ἀρχαίας ἰατρικῆς	tlg0627.tlg001.perseus-grc2.xml		2
grc.tlg0627.tlg002	Hippocrates	Περὶ ἀέρων, ὑδάτων, τόπων	tlg0627.tlg002.perseus-grc2.xml		2
grc.tlg0627.tlg003	Hippocrates	Προγνωστικόν	tlg0627.tlg003.perseus-grc2.xml		2
grc.tlg0627.tlg004	Hippocrates	Περὶ διαίτης ὀξέων	tlg0627.tlg004.perseus-grc2.xml		2
grc.tlg0627.tlg005	Hippocrates	Περὶ διαίτης ὀξέων. Νόθα	tlg0627.tlg005.perseus-grc2.xml		2
grc.tlg0627.tlg006	Hippocrates	Ἐπιδημίων	tlg0627.tlg006.perseus-grc2.xml		2
grc.tlg0627.tlg007	Hippocrates	Περὶ τῶν ἐν κεφαλῇ τρωμάτων	tlg0627.tlg007.perseus-grc2.xml		2
grc.tlg0627.tlg008	Hippocrates	Κατ’ ἰητρεῖον	tlg0627.tlg008.perseus-grc2.xml		2
grc.tlg0627.tlg009	Hippocrates	Περὶ ἀγμῶν	tlg0627.tlg009.perseus-grc2.xml		2
grc.tlg0627.tlg010	Hippocrates	Περὶ ἄρθρων	tlg0627.tlg010.perseus-grc2.xml		2
grc.tlg0627.tlg011	Hippocrates	Μοχλικός	tlg0627.tlg011.perseus-grc2.xml		2
grc.tlg0627.tlg012	Hippocrates	Ἀφορισμοί	tlg0627.tlg012.perseus-grc2.xml		2
grc.tlg0627.tlg013	Hippocrates	Ὅρκος	tlg0627.tlg013.perseus-grc2.xml		2
grc.tlg0627.tlg027	Hippocrates	Περὶ ἱερῆς νούσου	tlg0627.tlg027.perseus-grc2.xml		2
grc.tlg0627.tlg028	Hippocrates	Περὶ ἑλκῶν	tlg0627.tlg028.perseus-grc2.xml		2
grc.tlg0627.tlg029	Hippocrates	Περὶ αἱμοῤῥοίδων	tlg0627.tlg029.perseus-grc2.xml		2
grc.tlg0627.tlg030	Hippocrates	Περὶ συρίγγων	tlg0627.tlg030.perseus-grc2.xml		2
grc.tlg0627.tlg046	Hippocrates	Περὶ τροφῆς	tlg0627.tlg046.perseus-grc2.xml		2
grc.tlg0627.tlg051	Hippocrates	Παραγγελίαι	tlg0627.tlg051.perseus-grc2.xml		2
grc.tlg0638.tlg001	Philostratus the Athenian	Τὰ ἐς τὸν Τυανέα Ἀπολλώνιον	tlg0638.tlg001.perseus-grc2.xml		2
grc.tlg0638.tlg003	Philostratus the Athenian	Βίοι Σοφιστῶν	tlg0638.tlg003.perseus-grc2.xml		2
grc.tlg0638.tlg004	Philostratus the Athenian	Ἡρωικός	tlg0638.tlg004.perseus-grc2.xml		2
grc.tlg0638.tlg005	Philostratus the Athenian	Νέρων	tlg0638.tlg005.perseus-grc2.xml		2
grc.tlg0638.tlg006	Philostratus the Athenian	Ἐπιστολαί. Διαλέξεις.	tlg0638.tlg006.perseus-grc2.xml		2
grc.tlg0638.tlg007	Philostratus the Athenian	Γυμναστικός	tlg0638.tlg007.perseus-grc2.xml		2
grc.tlg0641.tlg001	Xenophon of Ephesus	Τὰ κατὰ Ἀνθίαν καὶ Ἁβροκόμην	tlg0641.tlg001.perseus-grc2.xml		2
grc.tlg0647.tlg001	Tryphiodorus	Ἅλωσις Ἰλίου	tlg0647.tlg001.perseus-grc2.xml		2
grc.tlg0648.tlg001	Onasander	Στρατηγικός	tlg0648.tlg001.perseus-grc2.xml		2
grc.tlg0652.tlg001	Philostratus Minor	Εἰκόνες	tlg0652.tlg001.perseus-grc2.xml		2
grc.tlg0653.tlg001	Aratus Solensis	Φαινόμενα	tlg0653.tlg001.perseus-grc2.xml		2
grc.tlg0655.tlg001	Parthenius of Nicaea	Ἐρωτικὰ Παθήματα	tlg0655.tlg001.perseus-grc2.xml		2
grc.tlg0719.tlg001	Aretaeus of Cappadocia	Περὶ αἰτίων καὶ σημείων ὀξέων παθών	tlg0719.tlg001.perseus-grc2.xml		2
grc.tlg0719.tlg002	Aretaeus of Cappadocia	Περὶ αἰτίων καὶ σημείων χρονίων παθῶν	tlg0719.tlg002.perseus-grc2.xml		2
grc.tlg0719.tlg003	Aretaeus of Cappadocia	Ὀξέων νούσων θεραπευτικόν	tlg0719.tlg003.perseus-grc2.xml		2
grc.tlg0719.tlg004	Aretaeus of Cappadocia	Χρονίων νούσων θεραπευτικών	tlg0719.tlg004.perseus-grc2.xml		2
grc.tlg1216.tlg001	Barnabae Epistula	Βαρνάβα ἐπιστολή	tlg1216.tlg001.perseus-grc2.xml		2
grc.tlg1389.tlg001	Harpocration	Lexicon in decem oratores Atticos	tlg1389.tlg001.perseus-grc2.xml		3
grc.tlg1600.tlg001	Philostratus Sophista	Εἰκόνες	tlg1600.tlg001.perseus-grc2.xml		2
grc.tlg1799.tlg001	Euclid	Στοιχεῖα	tlg1799.tlg001.perseus-grc2.xml		2
grc.tlg2003.tlg001	Julian, Emperor of Rome	Ἐγκώμιον εἰς τὸν αὐτοκράτορα Κωνστάντιον	tlg2003.tlg001.perseus-grc2.xml		2
grc.tlg2003.tlg002	Julian, Emperor of Rome	Εὐσεβίας τῆς βασιλίδος ἐγκώμιον	tlg2003.tlg002.perseus-grc2.xml		2
grc.tlg2003.tlg003	Julian, Emperor of Rome	Περὶ τῶν τοῦ αὐτοκράτορος πράξεων ἢ περὶ βασιλείας	tlg2003.tlg003.perseus-grc2.xml		2
grc.tlg2003.tlg004	Julian, Emperor of Rome	Ἐπὶ τῇ ἐξόδῳ τοῦ ἀγαθωτάτου Σαλουστίου παραμυθητικὸς εἰς ἑαυτόν	tlg2003.tlg004.perseus-grc2.xml		2
grc.tlg2003.tlg005	Julian, Emperor of Rome	Ἀθηναίων τῇ βουλῇ καὶ τῷ δήμῳ	tlg2003.tlg005.perseus-grc2.xml		2
grc.tlg2003.tlg006	Julian, Emperor of Rome	Θεμιστίῳ φιλοσόφῳ	tlg2003.tlg006.perseus-grc2.xml		2
grc.tlg2003.tlg007	Julian, Emperor of Rome	Πρὸς Ἡράκλειον κυνικὸν περὶ τοῦ πῶς κυνιστέον καὶ εἰ πρέπει τῷ κυνὶ μύθους πλάττειν	tlg2003.tlg007.perseus-grc2.xml		2
grc.tlg2003.tlg008	Julian, Emperor of Rome	Εἰς τὴν μητέρα τῶν θεῶν	tlg2003.tlg008.perseus-grc2.xml		2
grc.tlg2003.tlg009	Julian, Emperor of Rome	Εἰς τοὺς ἀπαιδεύτους κύνας	tlg2003.tlg009.perseus-grc2.xml		2
grc.tlg2003.tlg010	Julian, Emperor of Rome	Συμπόσιον ἢ Κρόνια	tlg2003.tlg010.perseus-grc2.xml		2
grc.tlg2003.tlg011	Julian, Emperor of Rome	Εἰς τὸν βασιλέα Ἥλιον πρὸς Σαλούστιον	tlg2003.tlg011.perseus-grc2.xml		2
grc.tlg2003.tlg012	Julian, Emperor of Rome	Μισοπώγων	tlg2003.tlg012.perseus-grc2.xml		2
grc.tlg2003.tlg013	Julian, Emperor of Rome	Epistolae	tlg2003.tlg013.perseus-grc2.xml		2
grc.tlg2003.tlg017	Julian, Emperor of Rome	Contra Galilaeos	tlg2003.tlg017.perseus-grc2.xml		2
grc.tlg2018.tlg002	Eusebius of Caesarea	Ἐκκλησιαστικὴ ἱστορία	tlg2018.tlg002.perseus-grc2.xml		2
grc.tlg2040.tlg002	Basil, Saint, Bishop of Caesarea	Πρὸς τοὺς νέους, ὅπως ἂν ἐξ Ἑλληνικῶν ὠφελοῖντο λόγων	tlg2040.tlg002.perseus-grc2.xml		2
grc.tlg2040.tlg004	Basil, Saint, Bishop of Caesarea	Epistulae	tlg2040.tlg004.perseus-grc2.xml		2
grc.tlg2045.tlg001	Nonnus of Panopolis	Διονυσιακά	tlg2045.tlg001.perseus-grc2.xml		2
grc.tlg2046.tlg001	Quintus Smyrnaeus	τὰ μεθ᾿ Ὅμηρον	tlg2046.tlg001.perseus-grc2.xml		2
grc.tlg2934.tlg066	John of Damascus, Saint	Βαρλαάμ καί Ἰωάσαφ	tlg2934.tlg066.perseus-grc2.xml		2
grc.tlg3135.tlg001	Zonaras	Ἐπιτομὴ Ἱστοριῶν	tlg3135.tlg001.opp-grc3.xml		3
grc.tlg4029.tlg001	Procopius	Ὑπὲρ τῶν Πολέμων Λόγοι	tlg4029.tlg001.perseus-grc2.xml		2
grc.tlg4029.tlg002	Procopius	Ἀπόκρυφη Ἱστορία	tlg4029.tlg002.perseus-grc2.xml		2
grc.tlg4036.tlg023	Proclus	Chrestomathy	tlg4036.tlg023.cypria-grc1.xml		2
grc.tlg4081.tlg001	Colluthus of Lycopolis	Ἁρπαγὴ Ἑλένης	tlg4081.tlg001.perseus-grc2.xml		2
grc.tlg4091.tlg001	Callistratus	Ἐκφράσεις	tlg4091.tlg001.perseus-grc2.xml		2
grc.tlg7000.tlg001	Greek Anthology	Ἀνθολογία, Volume I	tlg7000.tlg001.perseus-grc7.xml	tlg7000.tlg001.perseus-grc10.xml|tlg7000.tlg001.perseus-grc6.xml|tlg7000.tlg001.perseus-grc8.xml|tlg7000.tlg001.perseus-grc9.xml	3
lat.phi0119.phi001	Plautus, Titus Maccius	Amphitruo	phi0119.phi001.perseus-lat2.xml		2
lat.phi0119.phi002	Plautus, Titus Maccius	Asinaria	phi0119.phi002.perseus-lat2.xml		2
lat.phi0119.phi003	Plautus, Titus Maccius	Aulularia	phi0119.phi003.perseus-lat2.xml		2
lat.phi0119.phi004	Plautus, Titus Maccius	Bacchides	phi0119.phi004.perseus-lat2.xml		2
lat.phi0119.phi005	Plautus, Titus Maccius	Captivi	phi0119.phi005.perseus-lat2.xml		2
lat.phi0119.phi006	Plautus, Titus Maccius	Casina	phi0119.phi006.perseus-lat2.xml		2
lat.phi0119.phi007	Plautus, Titus Maccius	Cistellaria	phi0119.phi007.perseus-lat2.xml		2
lat.phi0119.phi008	Plautus, Titus Maccius	Curculio	phi0119.phi008.perseus-lat2.xml		2
lat.phi0119.phi009	Plautus, Titus Maccius	Epidicus	phi0119.phi009.perseus-lat2.xml		2
lat.phi0119.phi010	Plautus, Titus Maccius	Menaechmi	phi0119.phi010.perseus-lat2.xml		2
lat.phi0119.phi011	Plautus, Titus Maccius	Mercator	phi0119.phi011.perseus-lat2.xml		2
lat.phi0119.phi012	Plautus, Titus Maccius	Miles Gloriosus	phi0119.phi012.perseus-lat2.xml		2
lat.phi0119.phi013	Plautus, Titus Maccius	Mostellaria	phi0119.phi013.perseus-lat2.xml		2
lat.phi0119.phi014	Plautus, Titus Maccius	Persa	phi0119.phi014.perseus-lat2.xml		2
lat.phi0119.phi015	Plautus, Titus Maccius	Poenulus	phi0119.phi015.perseus-lat2.xml		2
lat.phi0119.phi016	Plautus, Titus Maccius	Pseudolus	phi0119.phi016.perseus-lat2.xml		2
lat.phi0119.phi017	Plautus, Titus Maccius	Rudens	phi0119.phi017.perseus-lat2.xml		2
lat.phi0119.phi018	Plautus, Titus Maccius	Stichus	phi0119.phi018.perseus-lat2.xml		2
lat.phi0119.phi019	Plautus, Titus Maccius	Trinummus	phi0119.phi019.perseus-lat2.xml		2
lat.phi0119.phi020	Plautus, Titus Maccius	Truculentus	phi0119.phi020.perseus-lat2.xml		2
lat.phi0134.phi001	Terence	Andria	phi0134.phi001.perseus-lat2.xml		2
lat.phi0134.phi002	Terence	Heautontimorumenos	phi0134.phi002.perseus-lat2.xml		2
lat.phi0134.phi003	Terence	Eunuchus	phi0134.phi003.perseus-lat2.xml		2
lat.phi0134.phi004	Terence	Phormio	phi0134.phi004.perseus-lat2.xml		2
lat.phi0134.phi005	Terence	Hecyra	phi0134.phi005.perseus-lat2.xml		2
lat.phi0134.phi006	Terence	Adelphi	phi0134.phi006.perseus-lat2.xml		2
lat.phi0426.phi001	Pseudo-Caesar	De Bello Africo	phi0426.phi001.perseus-lat1.xml		2
lat.phi0428.phi001	Pseudo-Caesar	De Bello Alexandrino	phi0428.phi001.perseus-lat1.xml		2
lat.phi0430.phi001	Pseudo-Caesar	De Bello Hispaniensi	phi0430.phi001.perseus-lat1.xml		2
lat.phi0448.phi001	Julius Caesar	De Bello Gallico	phi0448.phi001.perseus-lat2.xml		2
lat.phi0448.phi002	Julius Caesar	De Bello Civili	phi0448.phi002.perseus-lat2.xml	phi0448.phi002.perseus-lat3.xml	2
lat.phi0472.phi001	Catullus, C. Valerius	Carmina	phi0472.phi001.perseus-lat2.xml		2
lat.phi0474.phi001	Cicero, Marcus Tullius	Pro P. Quinctio	phi0474.phi001.perseus-lat2.xml		2
lat.phi0474.phi002	Cicero, Marcus Tullius	Pro S. Roscio Amerino	phi0474.phi002.perseus-lat2.xml		2
lat.phi0474.phi003	Cicero, Marcus Tullius	Pro Q. Roscio Comoedo	phi0474.phi003.perseus-lat2.xml		2
lat.phi0474.phi004	Cicero, Marcus Tullius	Divinatio in Q. Caecilium	phi0474.phi004.perseus-lat2.xml		2
lat.phi0474.phi005	Cicero, Marcus Tullius	In C. Verrem	phi0474.phi005.perseus-lat2.xml		2
lat.phi0474.phi006	Cicero, Marcus Tullius	Pro M. Tullio	phi0474.phi006.perseus-lat2.xml		2
lat.phi0474.phi007	Cicero, Marcus Tullius	Pro Fonteio	phi0474.phi007.perseus-lat2.xml		2
lat.phi0474.phi008	Cicero, Marcus Tullius	Pro A. Caecina	phi0474.phi008.perseus-lat2.xml		2
lat.phi0474.phi009	Cicero, Marcus Tullius	De Imperio Cn. Pompei Ad Quirites	phi0474.phi009.perseus-lat2.xml		2
lat.phi0474.phi010	Cicero, Marcus Tullius	Pro A. Cluentio	phi0474.phi010.perseus-lat2.xml		2
lat.phi0474.phi011	Cicero, Marcus Tullius	De Lege Agraria	phi0474.phi011.perseus-lat2.xml		2
lat.phi0474.phi012	Cicero, Marcus Tullius	Pro Rabirio Perduellionis Reo Ad Quirites	phi0474.phi012.perseus-lat2.xml		2
lat.phi0474.phi013	Cicero, Marcus Tullius	In L. Catilinam	phi0474.phi013.perseus-lat2.xml		2
lat.phi0474.phi014	Cicero, Marcus Tullius	Pro L. Murena	phi0474.phi014.perseus-lat2.xml		2
lat.phi0474.phi015	Cicero, Marcus Tullius	Pro P. Sulla	phi0474.phi015.perseus-lat2.xml		2
lat.phi0474.phi016	Cicero, Marcus Tullius	Pro Archia Poeta	phi0474.phi016.perseus-lat2.xml		2
lat.phi0474.phi017	Cicero, Marcus Tullius	Pro L. Flacco	phi0474.phi017.perseus-lat2.xml		2
lat.phi0474.phi018	Cicero, Marcus Tullius	Cum populo gratias egit	phi0474.phi018.perseus-lat2.xml		2
lat.phi0474.phi019	Cicero, Marcus Tullius	Cum Senatui gratias egit	phi0474.phi019.perseus-lat2.xml		2
lat.phi0474.phi020	Cicero, Marcus Tullius	De domo sua ad pontifices	phi0474.phi020.perseus-lat2.xml		2
lat.phi0474.phi021	Cicero, Marcus Tullius	De haruspicum responso in P. Clodium	phi0474.phi021.perseus-lat2.xml		2
lat.phi0474.phi022	Cicero, Marcus Tullius	Pro P. Sestio	phi0474.phi022.perseus-lat2.xml		2
lat.phi0474.phi023	Cicero, Marcus Tullius	In P. Vatinium testem interrogatio	phi0474.phi023.perseus-lat2.xml		2
lat.phi0474.phi024	Cicero, Marcus Tullius	Pro M. Caelio	phi0474.phi024.perseus-lat2.xml		2
lat.phi0474.phi025	Cicero, Marcus Tullius	De provinciis consularibus	phi0474.phi025.perseus-lat2.xml		2
lat.phi0474.phi026	Cicero, Marcus Tullius	Pro L. Cornelio Balbo	phi0474.phi026.perseus-lat2.xml		2
lat.phi0474.phi027	Cicero, Marcus Tullius	In L. Calpurnium Pisonem	phi0474.phi027.perseus-lat2.xml		2
lat.phi0474.phi028	Cicero, Marcus Tullius	Pro Cn. Plancio	phi0474.phi028.perseus-lat2.xml		2
lat.phi0474.phi029	Cicero, Marcus Tullius	Pro M. Scauro	phi0474.phi029.perseus-lat2.xml		2
lat.phi0474.phi030	Cicero, Marcus Tullius	Pro C. Rabirio Postumo	phi0474.phi030.perseus-lat2.xml		2
lat.phi0474.phi031	Cicero, Marcus Tullius	Pro T. Annio Milone	phi0474.phi031.perseus-lat2.xml		2
lat.phi0474.phi032	Cicero, Marcus Tullius	Pro M. Marcello	phi0474.phi032.perseus-lat2.xml		2
lat.phi0474.phi033	Cicero, Marcus Tullius	Pro Q. Ligario	phi0474.phi033.perseus-lat2.xml		2
lat.phi0474.phi034	Cicero, Marcus Tullius	Pro Rege Deiotaro	phi0474.phi034.perseus-lat2.xml		2
lat.phi0474.phi035	Cicero, Marcus Tullius	Philippicae	phi0474.phi035.perseus-lat2.xml		2
lat.phi0474.phi036	Cicero, Marcus Tullius	De Inventione	phi0474.phi036.perseus-lat1.xml		2
lat.phi0474.phi037	Cicero, Marcus Tullius	De Oratore	phi0474.phi037.perseus-lat1.xml		2
lat.phi0474.phi038	Cicero, Marcus Tullius	Partitiones Oratoriae	phi0474.phi038.perseus-lat1.xml		2
lat.phi0474.phi039	Cicero, Marcus Tullius	Brutus	phi0474.phi039.perseus-lat1.xml		2
lat.phi0474.phi040	Cicero, Marcus Tullius	Orator	phi0474.phi040.perseus-lat1.xml		2
lat.phi0474.phi041	Cicero, Marcus Tullius	De Optimo Genere Oratorum	phi0474.phi041.perseus-lat1.xml		2
lat.phi0474.phi042	Cicero, Marcus Tullius	Topica	phi0474.phi042.perseus-lat1.xml		2
lat.phi0474.phi043	Cicero, Marcus Tullius	De Re Publica	phi0474.phi043.perseus-lat1.xml		2
lat.phi0474.phi045	Cicero, Marcus Tullius	Academicorum reliquiae cum Lucullo	phi0474.phi045.perseus-lat1.xml		2
lat.phi0474.phi046	Cicero, Marcus Tullius	Academicorum reliquiae cum Lucullo	phi0474.phi046.perseus-lat1.xml		2
lat.phi0474.phi047	Cicero, Marcus Tullius	Paradoxa Stoicorum	phi0474.phi047.perseus-lat1.xml		2
lat.phi0474.phi048	Cicero, Marcus Tullius	de Finibus Bonorum et Malorum	phi0474.phi048.perseus-lat1.xml		2
lat.phi0474.phi049	Cicero, Marcus Tullius	Tusculanae Disputationes	phi0474.phi049.perseus-lat1.xml		2
lat.phi0474.phi050	Cicero, Marcus Tullius	de Natura Deorum	phi0474.phi050.perseus-lat1.xml		2
lat.phi0474.phi051	Cicero, Marcus Tullius	De Senectute	phi0474.phi051.perseus-lat1.xml		2
lat.phi0474.phi052	Cicero, Marcus Tullius	De Amicitia	phi0474.phi052.perseus-lat2.xml		2
lat.phi0474.phi053	Cicero, Marcus Tullius	De Divinatione	phi0474.phi053.perseus-lat1.xml	phi0474.phi053.perseus-lat2.xml	2
lat.phi0474.phi054	Cicero, Marcus Tullius	De Fato	phi0474.phi054.perseus-lat1.xml		2
lat.phi0474.phi055	Cicero, Marcus Tullius	De Officiis	phi0474.phi055.perseus-lat1.xml		2
lat.phi0474.phi056	Cicero, Marcus Tullius	Epistulae ad Familiares	phi0474.phi056.perseus-lat1.xml		2
lat.phi0474.phi057	Cicero, Marcus Tullius	Epistulae Ad Atticum	phi0474.phi057.perseus-lat1.xml		2
lat.phi0474.phi058	Cicero, Marcus Tullius	Epistulae ad Quintum Fratrem	phi0474.phi058.perseus-lat1.xml		2
lat.phi0474.phi059	Cicero, Marcus Tullius	Epistulae ad M. Brutum	phi0474.phi059.perseus-lat1.xml		2
lat.phi0474.phi072	Cicero, Marcus Tullius	Timaeus	phi0474.phi072.perseus-lat1.xml		2
lat.phi0478.phi003	Quintus Tullius Cicero	Commentariolum Petitionis	phi0478.phi003.perseus-lat2.xml		2
lat.phi0550.phi001	Lucretius	De Rerum Natura	phi0550.phi001.perseus-lat1.xml		2
lat.phi0620.phi001	Propertius, Sextus	Elegiae	phi0620.phi001.perseus-lat3.xml		2
lat.phi0631.phi001	Sallust	Catilinae Coniuratio	phi0631.phi001.perseus-lat3.xml	phi0631.phi001.perseus-lat4.xml	2
lat.phi0631.phi002	Sallust	Bellum Iugurthinum	phi0631.phi002.perseus-lat3.xml	phi0631.phi002.perseus-lat4.xml	2
lat.phi0631.phi003	Sallust	Historiae	phi0631.phi003.perseus-lat2.xml		2
lat.phi0660.phi001	Tibullus	Elegiae	phi0660.phi001.perseus-lat2.xml		2
lat.phi0660.phi003	Tibullus	Carmina Omnia	phi0660.phi003.perseus-lat2.xml		2
lat.phi0690.phi001	P. Vergilius Maro (Virgil)	Eclogues	phi0690.phi001.perseus-lat2.xml		2
lat.phi0690.phi002	P. Vergilius Maro (Virgil)	Georgicon	phi0690.phi002.perseus-lat2.xml		2
lat.phi0690.phi003	P. Vergilius Maro (Virgil)	Aeneid	phi0690.phi003.perseus-lat2.xml		2
lat.phi0692.phi001		phi001	phi0692.phi001.perseus-lat1.xml		2
lat.phi0692.phi002		phi002	phi0692.phi002.perseus-lat1.xml		2
lat.phi0692.phi003		phi003	phi0692.phi003.perseus-lat1.xml		2
lat.phi0692.phi005		phi005	phi0692.phi005.perseus-lat1.xml		2
lat.phi0692.phi006		phi006	phi0692.phi006.perseus-lat1.xml		2
lat.phi0692.phi007		phi007	phi0692.phi007.perseus-lat1.xml		2
lat.phi0692.phi008		phi008	phi0692.phi008.perseus-lat1.xml		2
lat.phi0692.phi009		phi009	phi0692.phi009.perseus-lat1.xml		2
lat.phi0692.phi011		phi011	phi0692.phi011.perseus-lat1.xml		2
lat.phi0692.phi012		phi012	phi0692.phi012.perseus-lat1.xml		2
lat.phi0692.phi013		phi013	phi0692.phi013.perseus-lat1.xml		2
lat.phi0836.phi002	Celsus, Aulus Cornelius	De Medicina	phi0836.phi002.perseus-lat5.xml	phi0836.phi002.perseus-lat4.xml|phi0836.phi002.perseus-lat6.xml	2
lat.phi0845.phi002	Columella, Lucius Junius Moderatus	Res Rustica. Books I-IX	phi0845.phi002.perseus-lat3.xml		2
lat.phi0860.phi001	Curtius Rufus, Quintus	Historiarum Alexandri Magni, Historiarum Alexandri Magni Macedonis libri qui supersunt	phi0860.phi001.perseus-lat2.xml		2
lat.phi0893.phi001	Horace	Carmina	phi0893.phi001.perseus-lat2.xml		2
lat.phi0893.phi002	Horace	Carmen Saeculare	phi0893.phi002.perseus-lat2.xml		2
lat.phi0893.phi003	Horace	Epodon	phi0893.phi003.perseus-lat2.xml		2
lat.phi0893.phi004	Horace	Satyrarum libri	phi0893.phi004.perseus-lat2.xml		2
lat.phi0893.phi005	Horace	Epistulae	phi0893.phi005.perseus-lat2.xml		2
lat.phi0893.phi006	Horace	Ars Poetica	phi0893.phi006.perseus-lat2.xml		2
lat.phi0914.phi001	Titus Livius (Livy)	Ab urbe condita	phi0914.phi001.perseus-lat2.xml		2
lat.phi0914.phi0011	Titus Livius (Livy)	Ab Urbe Condita, books 1-2 - 1	phi0914.phi0011.perseus-lat2.xml	phi0914.phi0011.perseus-lat3.xml	2
lat.phi0914.phi00110	Titus Livius (Livy)	Ab Urbe Condita, books 8-10 - 10	phi0914.phi00110.perseus-lat3.xml	phi0914.phi00110.perseus-lat2.xml	2
lat.phi0914.phi0012	Titus Livius (Livy)	Ab Urbe Condita, books 1-2 - 2	phi0914.phi0012.perseus-lat2.xml	phi0914.phi0012.perseus-lat3.xml	2
lat.phi0914.phi00121	Titus Livius (Livy)	Ab Urbe Condita, books 21-22 - 21	phi0914.phi00121.perseus-lat1.xml	phi0914.phi00121.perseus-lat2.xml	2
lat.phi0914.phi00122	Titus Livius (Livy)	Ab Urbe Condita, books 21-22 - 22	phi0914.phi00122.perseus-lat1.xml	phi0914.phi00122.perseus-lat2.xml	2
lat.phi0914.phi00123	Titus Livius (Livy)	Ab Urbe Condita, books 23-25 - 23	phi0914.phi00123.perseus-lat3.xml	phi0914.phi00123.perseus-lat1.xml	2
lat.phi0914.phi00124	Titus Livius (Livy)	Ab Urbe Condita, books 23-25 - 24	phi0914.phi00124.perseus-lat3.xml	phi0914.phi00124.perseus-lat1.xml	2
lat.phi0914.phi00125	Titus Livius (Livy)	Ab Urbe Condita, books 23-25 - 25	phi0914.phi00125.perseus-lat3.xml	phi0914.phi00125.perseus-lat1.xml	2
lat.phi0914.phi00126	Titus Livius (Livy)	Ab Urbe Condita, books 26-27 - 26	phi0914.phi00126.perseus-lat2.xml	phi0914.phi00126.perseus-lat3.xml	2
lat.phi0914.phi00127	Titus Livius (Livy)	Ab Urbe Condita, books 26-27 - 27	phi0914.phi00127.perseus-lat2.xml	phi0914.phi00127.perseus-lat3.xml	2
lat.phi0914.phi00128	Titus Livius (Livy)	Ab Urbe Condita, books 28-30 - 28	phi0914.phi00128.perseus-lat3.xml	phi0914.phi00128.perseus-lat2.xml	2
lat.phi0914.phi00129	Titus Livius (Livy)	Ab Urbe Condita, books 28-30 - 29	phi0914.phi00129.perseus-lat3.xml	phi0914.phi00129.perseus-lat2.xml	2
lat.phi0914.phi0013	Titus Livius (Livy)	Ab Urbe Condita, books 3-4 - 3	phi0914.phi0013.perseus-lat3.xml	phi0914.phi0013.perseus-lat2.xml	2
lat.phi0914.phi00130	Titus Livius (Livy)	Ab Urbe Condita, books 28-30 - 30	phi0914.phi00130.perseus-lat3.xml	phi0914.phi00130.perseus-lat2.xml	2
lat.phi0914.phi00131	Titus Livius (Livy)	Ab urbe condita libri, erklärt von M. Weissenborn, books 31-32 - 31	phi0914.phi00131.perseus-lat1.xml		2
lat.phi0914.phi00132	Titus Livius (Livy)	Ab urbe condita libri, erklärt von M. Weissenborn, books 31-32 - 32	phi0914.phi00132.perseus-lat1.xml		2
lat.phi0914.phi00133	Titus Livius (Livy)	Ab urbe condita libri, erklärt von M. Weissenborn, books 33-34 - 33	phi0914.phi00133.perseus-lat1.xml		2
lat.phi0914.phi00134	Titus Livius (Livy)	Ab urbe condita libri, erklärt von M. Weissenborn, books 33-34 - 34	phi0914.phi00134.perseus-lat1.xml		2
lat.phi0914.phi00135	Titus Livius (Livy)	Ab urbe condita libri, erklärt von M. Weissenborn, books 35-38 - 35	phi0914.phi00135.perseus-lat1.xml		2
lat.phi0914.phi00136	Titus Livius (Livy)	Ab urbe condita libri, erklärt von M. Weissenborn, books 35-38 - 36	phi0914.phi00136.perseus-lat1.xml		2
lat.phi0914.phi00137	Titus Livius (Livy)	Ab urbe condita libri, erklärt von M. Weissenborn, books 35-38 - 37	phi0914.phi00137.perseus-lat1.xml		2
lat.phi0914.phi00138	Titus Livius (Livy)	Ab urbe condita libri, erklärt von M. Weissenborn, books 35-38 - 38	phi0914.phi00138.perseus-lat1.xml		2
lat.phi0914.phi00139	Titus Livius (Livy)	Ab urbe condita libri, erklärt von M. Weissenborn, books 39-40 - 39	phi0914.phi00139.perseus-lat1.xml		2
lat.phi0914.phi0014	Titus Livius (Livy)	Ab Urbe Condita, books 3-4 - 4	phi0914.phi0014.perseus-lat3.xml	phi0914.phi0014.perseus-lat2.xml	2
lat.phi0914.phi00140	Titus Livius (Livy)	Ab urbe condita libri, erklärt von M. Weissenborn, books 39-40 - 40	phi0914.phi00140.perseus-lat1.xml		2
lat.phi0914.phi00141	Titus Livius (Livy)	Ab urbe condita libri, erklärt von M. Weissenborn, books 41-42 - 41	phi0914.phi00141.perseus-lat1.xml		2
lat.phi0914.phi00142	Titus Livius (Livy)	Ab urbe condita libri, erklärt von M. Weissenborn, books 41-42 - 42	phi0914.phi00142.perseus-lat1.xml		2
lat.phi0914.phi00143	Titus Livius (Livy)	Ab Urbe Condita, books 43-45 - 43	phi0914.phi00143.perseus-lat3.xml	phi0914.phi00143.perseus-lat1.xml	2
lat.phi0914.phi00144	Titus Livius (Livy)	Ab Urbe Condita, books 43-45 - 44	phi0914.phi00144.perseus-lat3.xml	phi0914.phi00144.perseus-lat1.xml	2
lat.phi0914.phi00145	Titus Livius (Livy)	Ab Urbe Condita, books 43-45 - 45	phi0914.phi00145.perseus-lat3.xml	phi0914.phi00145.perseus-lat1.xml	2
lat.phi0914.phi0015	Titus Livius (Livy)	Ab Urbe Condita, books 5-7 - 5	phi0914.phi0015.perseus-lat3.xml	phi0914.phi0015.perseus-lat2.xml	2
lat.phi0914.phi0016	Titus Livius (Livy)	Ab urbe condita, books 6-10 - 6	phi0914.phi0016.perseus-lat3.xml		2
lat.phi0914.phi0017	Titus Livius (Livy)	Ab urbe condita, books 6-10 - 7	phi0914.phi0017.perseus-lat3.xml		2
lat.phi0914.phi0018	Titus Livius (Livy)	Ab Urbe Condita, books 8-10 - 8	phi0914.phi0018.perseus-lat3.xml	phi0914.phi0018.perseus-lat2.xml	2
lat.phi0914.phi0019	Titus Livius (Livy)	Ab Urbe Condita, books 8-10 - 9	phi0914.phi0019.perseus-lat3.xml	phi0914.phi0019.perseus-lat2.xml	2
lat.phi0917.phi001	Lucan	Pharsalia	phi0917.phi001.perseus-lat2.xml		2
lat.phi0959.phi001	Ovid	Amores	phi0959.phi001.perseus-lat2.xml		2
lat.phi0959.phi002	Ovid	Epistulae	phi0959.phi002.perseus-lat2.xml		2
lat.phi0959.phi003	Ovid	Medicamina faciei femineae	phi0959.phi003.perseus-lat2.xml		2
lat.phi0959.phi004	Ovid	Ars Amatoria	phi0959.phi004.perseus-lat2.xml		2
lat.phi0959.phi005	Ovid	Remedia Amoris	phi0959.phi005.perseus-lat2.xml		2
lat.phi0959.phi006	Ovid	Metamorphoses	phi0959.phi006.perseus-lat2.xml		2
lat.phi0959.phi007	Ovid	Fasti	phi0959.phi007.perseus-lat2.xml		2
lat.phi0959.phi008	Ovid	Tristia	phi0959.phi008.perseus-lat2.xml		2
lat.phi0959.phi009	Ovid	Ex Ponto	phi0959.phi009.perseus-lat2.xml		2
lat.phi0959.phi010	Ovid	Ibis	phi0959.phi010.perseus-lat2.xml		2
lat.phi0969.phi001	Persius	Saturae	phi0969.phi001.perseus-lat2.xml		2
lat.phi0972.phi001	Petronius Arbiter	Satyricon	phi0972.phi001.perseus-lat2.xml	phi0972.phi001.perseus-lat1.xml	2
lat.phi0975.phi001	Phaedrus	Fabulae Aesopiae	phi0975.phi001.perseus-lat2.xml		2
lat.phi0978.phi001	Pliny, the Elder	Naturalis Historia, C. Plini Secundi naturalis historiae libri XXXVII	phi0978.phi001.perseus-lat2.xml		2
lat.phi1002.phi001	Quintilian	Institutio Oratoria	phi1002.phi001.perseus-lat2.xml		2
lat.phi1014.phi001	Seneca the Elder	Controversiae	phi1014.phi001.perseus-lat1.xml		2
lat.phi1014.phi002	Seneca the Elder	Excerpta Controversiae	phi1014.phi002.perseus-lat1.xml		3
lat.phi1014.phi003	Seneca the Elder	Suasoriae	phi1014.phi003.perseus-lat1.xml		2
lat.phi1014.phi004	Seneca the Elder	Fragmenta	phi1014.phi004.perseus-lat1.xml		3
lat.phi1017.phi001	Seneca, Lucius Annaeus	Hercules	phi1017.phi001.perseus-lat2.xml		2
lat.phi1017.phi002	Seneca, Lucius Annaeus	Troades	phi1017.phi002.perseus-lat2.xml		2
lat.phi1017.phi003	Seneca, Lucius Annaeus	Phoenissae	phi1017.phi003.perseus-lat2.xml		2
lat.phi1017.phi004	Seneca, Lucius Annaeus	Medea	phi1017.phi004.perseus-lat2.xml		2
lat.phi1017.phi005	Seneca, Lucius Annaeus	Phaedra	phi1017.phi005.perseus-lat2.xml		2
lat.phi1017.phi006	Seneca, Lucius Annaeus	Oedipus	phi1017.phi006.perseus-lat2.xml		2
lat.phi1017.phi007	Seneca, Lucius Annaeus	Agamemnon	phi1017.phi007.perseus-lat2.xml		2
lat.phi1017.phi008	Seneca, Lucius Annaeus	Thyestes	phi1017.phi008.perseus-lat2.xml		2
lat.phi1017.phi009	Seneca, Lucius Annaeus	Hercules Oetaeus	phi1017.phi009.perseus-lat2.xml		2
lat.phi1017.phi010	Seneca, Lucius Annaeus	Octavia	phi1017.phi010.perseus-lat2.xml		2
lat.phi1017.phi011	Seneca, Lucius Annaeus	Apocolocyntosis	phi1017.phi011.perseus-lat2.xml		2
lat.phi1017.phi013	Seneca, Lucius Annaeus	de Beneficiis	phi1017.phi013.perseus-lat2.xml		2
lat.phi1017.phi014	Seneca, Lucius Annaeus	de Clementia	phi1017.phi014.perseus-lat2.xml		2
lat.phi1017.phi015	Seneca, Lucius Annaeus	Epistulae	phi1017.phi015.perseus-lat2.xml		2
lat.phi1020.phi001	Statius, P. Papinius (Publius Papinius)	Thebais	phi1020.phi001.perseus-lat2.xml		2
lat.phi1020.phi002	Statius, P. Papinius (Publius Papinius)	Silvae	phi1020.phi002.perseus-lat2.xml		2
lat.phi1020.phi003	Statius, P. Papinius (Publius Papinius)	Achilleis	phi1020.phi003.perseus-lat2.xml		2
lat.phi1035.phi001	Valerius Flaccus, Gaius	Argonautica	phi1035.phi001.perseus-lat2.xml		2
lat.phi1038.phi001	Valerius Maximus	Facta et Dicta Memorabilia	phi1038.phi001.perseus-lat1.xml		2
lat.phi1056.phi001	Vitruvius Pollio	On Architecture, De architectura libri decem	phi1056.phi001.perseus-lat1.xml		2
lat.phi1212.phi001	Apuleius	Apologia	phi1212.phi001.perseus-lat1.xml		2
lat.phi1212.phi002	Apuleius	Metamorphoses	phi1212.phi002.perseus-lat1.xml		2
lat.phi1212.phi003	Apuleius	Florida	phi1212.phi003.perseus-lat2.xml		2
lat.phi1242.phi001	Florus, Lucius Annaeus	Epitome Rerum Romanorum	phi1242.phi001.perseus-lat1.xml		3
lat.phi1254.phi001	Gellius, Aulus	Noctes Atticae	phi1254.phi001.perseus-lat2.xml		2
lat.phi1276.phi001	Juvenal	Saturae	phi1276.phi001.perseus-lat2.xml		2
lat.phi1294.phi002	Martial	Epigrammata	phi1294.phi002.perseus-lat2.xml		2
lat.phi1318.phi001	Pliny, the Younger	Epistulae, Letters	phi1318.phi001.perseus-lat1.xml		2
lat.phi1345.phi001	Silius Italicus, Tiberius Catius	Punica	phi1345.phi001.perseus-lat2.xml		2
lat.phi1351.phi001	Tacitus, Cornelius	De Vita Iulii Agricolae	phi1351.phi001.perseus-lat1.xml		2
lat.phi1351.phi002	Tacitus, Cornelius	De Origine et Situ Germanorum Liber	phi1351.phi002.perseus-lat1.xml		2
lat.phi1351.phi003	Tacitus, Cornelius	Dialogus de Oratoribus	phi1351.phi003.perseus-lat1.xml		2
lat.phi1351.phi004	Tacitus, Cornelius	Historiae	phi1351.phi004.perseus-lat2.xml		2
lat.phi1351.phi005	Tacitus, Cornelius	Annales	phi1351.phi005.perseus-lat1.xml		2
lat.phi2003.phi001		phi001	phi2003.phi001.perseus-lat1.xml		2
lat.phi2331.phi001	Scriptores Historiae Augustae	De Vita Hadriani	phi2331.phi001.perseus-lat2.xml		2
lat.phi2331.phi002	Scriptores Historiae Augustae	Helius	phi2331.phi002.perseus-lat2.xml		2
lat.phi2331.phi003	Scriptores Historiae Augustae	Antoninus Pius	phi2331.phi003.perseus-lat2.xml		2
lat.phi2331.phi004	Scriptores Historiae Augustae	Marcus Antoninus Philosophus	phi2331.phi004.perseus-lat2.xml		2
lat.phi2331.phi005	Scriptores Historiae Augustae	Verus	phi2331.phi005.perseus-lat2.xml		2
lat.phi2331.phi006	Scriptores Historiae Augustae	Avidius Casius	phi2331.phi006.perseus-lat2.xml		2
lat.phi2331.phi007	Scriptores Historiae Augustae	Commodus Antoninus	phi2331.phi007.perseus-lat2.xml		2
lat.phi2331.phi008	Scriptores Historiae Augustae	Pertinax	phi2331.phi008.perseus-lat2.xml		2
lat.phi2331.phi009	Scriptores Historiae Augustae	Didius Julianus	phi2331.phi009.perseus-lat2.xml		2
lat.phi2331.phi010	Scriptores Historiae Augustae	Severus	phi2331.phi010.perseus-lat2.xml		2
lat.phi2331.phi011	Scriptores Historiae Augustae	Pescennius Niger	phi2331.phi011.perseus-lat2.xml		2
lat.phi2331.phi012	Scriptores Historiae Augustae	Clodinus Albinus	phi2331.phi012.perseus-lat2.xml		2
lat.phi2331.phi013	Scriptores Historiae Augustae	Antoninus Caracalla	phi2331.phi013.perseus-lat2.xml		2
lat.phi2331.phi014	Scriptores Historiae Augustae	Antoninus Geta	phi2331.phi014.perseus-lat2.xml		2
lat.phi2331.phi015	Scriptores Historiae Augustae	Opilius Macrinus	phi2331.phi015.perseus-lat2.xml		2
lat.phi2331.phi016	Scriptores Historiae Augustae	Diadumenus Antoninus	phi2331.phi016.perseus-lat2.xml		2
lat.phi2331.phi017	Scriptores Historiae Augustae	Antoninus Heliogobalus	phi2331.phi017.perseus-lat2.xml		2
lat.phi2331.phi018	Scriptores Historiae Augustae	Alexander Severus	phi2331.phi018.perseus-lat2.xml		2
lat.phi2331.phi019	Scriptores Historiae Augustae	Maximini Duo	phi2331.phi019.perseus-lat2.xml		2
lat.phi2331.phi020	Scriptores Historiae Augustae	Gordiani Tres	phi2331.phi020.perseus-lat2.xml		2
lat.phi2331.phi021	Scriptores Historiae Augustae	Maximus et Balbinus	phi2331.phi021.perseus-lat2.xml		2
lat.phi2331.phi022	Scriptores Historiae Augustae	Valeriani Duo	phi2331.phi022.perseus-lat2.xml		2
lat.phi2331.phi023	Scriptores Historiae Augustae	Gallieni Duo	phi2331.phi023.perseus-lat2.xml		2
lat.phi2331.phi024	Scriptores Historiae Augustae	Tyranni Triginta	phi2331.phi024.perseus-lat2.xml		2
lat.phi2331.phi025	Scriptores Historiae Augustae	Divus Claudius	phi2331.phi025.perseus-lat2.xml		2
lat.phi2331.phi026	Scriptores Historiae Augustae	Divus Aurelianus	phi2331.phi026.perseus-lat2.xml		2
lat.phi2331.phi027	Scriptores Historiae Augustae	Tacitus	phi2331.phi027.perseus-lat2.xml		2
lat.phi2331.phi028	Scriptores Historiae Augustae	Probus	phi2331.phi028.perseus-lat2.xml		2
lat.phi2331.phi029	Scriptores Historiae Augustae	Firmus Saturninus, Proculus et Bonosus	phi2331.phi029.perseus-lat2.xml		2
lat.phi2331.phi030	Scriptores Historiae Augustae	Carus et Carinus et Numerianus	phi2331.phi030.perseus-lat2.xml		2
lat.stoa0023.stoa001	Ammianus Marcellinus	Res Gestae	stoa0023.stoa001.perseus-lat2.xml		2
lat.stoa0040.stoa011		stoa011	stoa0040.stoa011.perseus-lat2.xml	stoa0040.stoa011.perseus-lat1.xml	2
lat.stoa0045.stoa001	Ausonius, Decimus Magnus	De Bissula	stoa0045.stoa001.perseus-lat2.xml		2
lat.stoa0045.stoa002	Ausonius, Decimus Magnus	Ausonii de XII Caesaribus per Suetonium Tranquillum scriptis	stoa0045.stoa002.perseus-lat2.xml		2
lat.stoa0045.stoa003	Ausonius, Decimus Magnus	Cento Nuptialis	stoa0045.stoa003.perseus-lat2.xml		2
lat.stoa0045.stoa004	Ausonius, Decimus Magnus	Commemoratio Professorum Burdigalensium	stoa0045.stoa004.perseus-lat2.xml		2
lat.stoa0045.stoa005	Ausonius, Decimus Magnus	Cupido Cruciatus	stoa0045.stoa005.perseus-lat2.xml		2
lat.stoa0045.stoa006	Ausonius, Decimus Magnus	De Herediolo	stoa0045.stoa006.perseus-lat2.xml		2
lat.stoa0045.stoa007	Ausonius, Decimus Magnus	Eclogarum Liber	stoa0045.stoa007.perseus-lat2.xml		2
lat.stoa0045.stoa008	Ausonius, Decimus Magnus	Ephemeris	stoa0045.stoa008.perseus-lat2.xml		2
lat.stoa0045.stoa009	Ausonius, Decimus Magnus	Epicedion in Patrem	stoa0045.stoa009.perseus-lat2.xml		2
lat.stoa0045.stoa010	Ausonius, Decimus Magnus	Epigrammaton Liber	stoa0045.stoa010.perseus-lat2.xml		2
lat.stoa0045.stoa011	Ausonius, Decimus Magnus	Epistulae	stoa0045.stoa011.perseus-lat2.xml		2
lat.stoa0045.stoa012	Ausonius, Decimus Magnus	Epitaphia	stoa0045.stoa012.perseus-lat2.xml		2
lat.stoa0045.stoa013	Ausonius, Decimus Magnus	Genethliacon ad Ausonium Nepotem	stoa0045.stoa013.perseus-lat2.xml		2
lat.stoa0045.stoa014	Ausonius, Decimus Magnus	Gratiarum Actio	stoa0045.stoa014.perseus-lat2.xml		2
lat.stoa0045.stoa015	Ausonius, Decimus Magnus	Griphus Ternarii Numeri	stoa0045.stoa015.perseus-lat2.xml		2
lat.stoa0045.stoa016	Ausonius, Decimus Magnus	Liber Protrepticus ad Nepotem	stoa0045.stoa016.perseus-lat2.xml		2
lat.stoa0045.stoa017	Ausonius, Decimus Magnus	[Libri de Fastis] Conclusio	stoa0045.stoa017.perseus-lat2.xml		2
lat.stoa0045.stoa018	Ausonius, Decimus Magnus	Ludus Septem Sapientum	stoa0045.stoa018.perseus-lat2.xml		2
lat.stoa0045.stoa019	Ausonius, Decimus Magnus	Mosella	stoa0045.stoa019.perseus-lat2.xml		2
lat.stoa0045.stoa020	Ausonius, Decimus Magnus	Oratio Versibus Rhopalicis	stoa0045.stoa020.perseus-lat2.xml		2
lat.stoa0045.stoa021	Ausonius, Decimus Magnus	Ordo Urbium Nobilium	stoa0045.stoa021.perseus-lat2.xml		2
lat.stoa0045.stoa022	Ausonius, Decimus Magnus	Parentalia	stoa0045.stoa022.perseus-lat2.xml		2
lat.stoa0045.stoa025	Ausonius, Decimus Magnus	Praefatiunculae	stoa0045.stoa025.perseus-lat2.xml		2
lat.stoa0045.stoa026	Ausonius, Decimus Magnus	Precationes	stoa0045.stoa026.perseus-lat2.xml		2
lat.stoa0045.stoa027	Ausonius, Decimus Magnus	Versus Paschales Prosodic	stoa0045.stoa027.perseus-lat2.xml		2
lat.stoa0045.stoa028	Ausonius, Decimus Magnus	Technopaegnion	stoa0045.stoa028.perseus-lat2.xml		2
lat.stoa0054.stoa006		stoa006	stoa0054.stoa006.perseus-lat1.xml		2
lat.stoa0058.stoa001	Boethius	De consolatione philosophiae	stoa0058.stoa001.perseus-lat2.xml		2
lat.stoa0058.stoa003	Boethius	Quomodo Substantiae in Eo Quod Sint Bonae Sint Cum Non Sint Substantialia Bona	stoa0058.stoa003.perseus-lat1.xml		2
lat.stoa0058.stoa006	Boethius	De Fide Catholica	stoa0058.stoa006.perseus-lat1.xml		2
lat.stoa0058.stoa023	Boethius	Liber De Persona et Duabus Naturis Contra Eutychen Et Nestorium	stoa0058.stoa023.perseus-lat1.xml		2
lat.stoa0058.stoa025	Boethius	Quomodo Trinitas Unus Deus Ac Non Tres Dii (De Trinitate)	stoa0058.stoa025.perseus-lat1.xml		2
lat.stoa0058.stoa028	Boethius	Utrum Pater Et Filius Ac Spiritus Sanctus De Divinitate Substantialiter Praedicentur Liber	stoa0058.stoa028.perseus-lat1.xml		2
lat.stoa0079.stoa001		stoa001	stoa0079.stoa001.perseus-lat1.xml		2
lat.stoa0089.stoa001	Claudian	Carminum minorum corpusculum	stoa0089.stoa001.perseus-lat2.xml		2
lat.stoa0089.stoa002	Claudian	de bello Gildonico	stoa0089.stoa002.perseus-lat2.xml		2
lat.stoa0089.stoa003	Claudian	de Bello Gothico	stoa0089.stoa003.perseus-lat2.xml		2
lat.stoa0089.stoa004	Claudian	de consulatu Stilichonis	stoa0089.stoa004.perseus-lat2.xml		2
lat.stoa0089.stoa005	Claudian	de raptu Proserpinae	stoa0089.stoa005.perseus-lat2.xml		2
lat.stoa0089.stoa006	Claudian	Epithalamium de nuptiis Honorii Augusti	stoa0089.stoa006.perseus-lat2.xml		2
lat.stoa0089.stoa007	Claudian	Fescinnina de nuptiis Honorii Augusti	stoa0089.stoa007.perseus-lat2.xml		2
lat.stoa0089.stoa008	Claudian	In Eutropium	stoa0089.stoa008.perseus-lat2.xml		2
lat.stoa0089.stoa009	Claudian	In Rufinum	stoa0089.stoa009.perseus-lat2.xml		2
lat.stoa0089.stoa010	Claudian	Panegyricus de tertio consulatu Honorii Augusti	stoa0089.stoa010.perseus-lat2.xml		2
lat.stoa0089.stoa011	Claudian	Panegyricus de quarto consulatu Honorii Augusti	stoa0089.stoa011.perseus-lat2.xml		2
lat.stoa0089.stoa012	Claudian	Panegyricus de sexto consulatu Honorii Augusti	stoa0089.stoa012.perseus-lat2.xml		2
lat.stoa0089.stoa013	Claudian	Panegyricus dictus Manlio Theodoro consuli	stoa0089.stoa013.perseus-lat2.xml		2
lat.stoa0089.stoa014	Claudian	Panegyricus dictus Probino et Olybrio consulibus	stoa0089.stoa014.perseus-lat2.xml		2
lat.stoa0162.stoa004	Jerome, Saint	Epistulae. Selections.	stoa0162.stoa004.perseus-lat2.xml		2
lat.stoa0203.stoa001	Minucius Felix, Marcus	Octavius	stoa0203.stoa001.perseus-lat2.xml		2
lat.stoa0238.stoa001	Prudentius	Liber Peristephanon	stoa0238.stoa001.perseus-lat2.xml		2
lat.stoa0238.stoa002	Prudentius	Psychomachia	stoa0238.stoa002.perseus-lat2.xml		2
lat.stoa0238.stoa003	Prudentius	Praefatio	stoa0238.stoa003.perseus-lat2.xml		2
lat.stoa0238.stoa004	Prudentius	Cathemerina	stoa0238.stoa004.perseus-lat2.xml		2
lat.stoa0238.stoa005	Prudentius	Apotheosis	stoa0238.stoa005.perseus-lat2.xml		2
lat.stoa0238.stoa006	Prudentius	Hamartigenia	stoa0238.stoa006.perseus-lat2.xml		2
lat.stoa0238.stoa007	Prudentius	Contra Orationem Symmachia	stoa0238.stoa007.perseus-lat2.xml		2
lat.stoa0238.stoa008	Prudentius	Dittochaeon	stoa0238.stoa008.perseus-lat2.xml		2
lat.stoa0238.stoa009	Prudentius	Epilogus	stoa0238.stoa009.perseus-lat2.xml		2
lat.stoa0255.stoa004	Seneca, Lucius Annaeus	De Brevitate Vitae	stoa0255.stoa004.perseus-lat2.xml		2
lat.stoa0255.stoa006	Seneca, Lucius Annaeus	De consolatione ad Helviam	stoa0255.stoa006.perseus-lat2.xml		2
lat.stoa0255.stoa007	Seneca, Lucius Annaeus	De consolatione ad Marciam	stoa0255.stoa007.perseus-lat2.xml		2
lat.stoa0255.stoa008	Seneca, Lucius Annaeus	De consolatione ad Polybium	stoa0255.stoa008.perseus-lat2.xml		2
lat.stoa0255.stoa009	Seneca, Lucius Annaeus	De Constantia	stoa0255.stoa009.perseus-lat2.xml		2
lat.stoa0255.stoa010	Seneca, Lucius Annaeus	De Ira	stoa0255.stoa010.perseus-lat2.xml		2
lat.stoa0255.stoa011	Seneca, Lucius Annaeus	De Otio Sapientis	stoa0255.stoa011.perseus-lat2.xml		2
lat.stoa0255.stoa012	Seneca, Lucius Annaeus	De Providentia	stoa0255.stoa012.perseus-lat2.xml		2
lat.stoa0255.stoa013	Seneca, Lucius Annaeus	De Tranquilitate Animi	stoa0255.stoa013.perseus-lat2.xml		2
lat.stoa0255.stoa014	Seneca, Lucius Annaeus	De Vita Beata	stoa0255.stoa014.perseus-lat2.xml		2
lat.stoa0261.stoa0001		stoa0001	stoa0261.stoa0001.perseus-lat1.xml		2
lat.stoa0261.stoa0002		stoa0002	stoa0261.stoa0002.perseus-lat1.xml	stoa0261.stoa0002.perseus-lat2.xml	2
lat.stoa0275.stoa001	Tertullian	Ad Martyras	stoa0275.stoa001.opp-lat1.xml		2
lat.stoa0275.stoa002	Tertullian	Ad Nationes	stoa0275.stoa002.opp-lat1.xml		2
lat.stoa0275.stoa003	Tertullian	Ad Scapulam	stoa0275.stoa003.opp-lat1.xml		2
lat.stoa0275.stoa004	Tertullian	Adversus Hermogenem	stoa0275.stoa004.opp-lat1.xml		2
lat.stoa0275.stoa005	Tertullian	Adversus Judaeos Liber	stoa0275.stoa005.opp-lat1.xml		2
lat.stoa0275.stoa006	Tertullian	Adversus Marcionem	stoa0275.stoa006.opp-lat1.xml		2
lat.stoa0275.stoa007	Tertullian	Adversus Praxean	stoa0275.stoa007.opp-lat1.xml		2
lat.stoa0275.stoa008	Tertullian	Adversus Valentinianos	stoa0275.stoa008.opp-lat1.xml		2
lat.stoa0275.stoa009	Tertullian	Apologeticum	stoa0275.stoa009.perseus-lat2.xml		2
lat.stoa0275.stoa010	Tertullian	De Anima	stoa0275.stoa010.opp-lat1.xml		2
lat.stoa0275.stoa011	Tertullian	De Baptismo	stoa0275.stoa011.opp-lat1.xml		2
lat.stoa0275.stoa012	Tertullian	De Carne Christi	stoa0275.stoa012.opp-lat1.xml		2
lat.stoa0275.stoa013	Tertullian	De Corona	stoa0275.stoa013.opp-lat1.xml		2
lat.stoa0275.stoa014	Tertullian	De Cultu Feminarum	stoa0275.stoa014.opp-lat1.xml		2
lat.stoa0275.stoa015	Tertullian	De Exhortatione Castitatis Liber	stoa0275.stoa015.opp-lat1.xml		2
lat.stoa0275.stoa016	Tertullian	De Fuga in Persecutione	stoa0275.stoa016.opp-lat1.xml		2
lat.stoa0275.stoa017	Tertullian	De Idolotria	stoa0275.stoa017.opp-lat1.xml		2
lat.stoa0275.stoa018	Tertullian	De ieiunio adversus psychicos	stoa0275.stoa018.opp-lat1.xml		2
lat.stoa0275.stoa019	Tertullian	De Monogamia	stoa0275.stoa019.opp-lat1.xml		2
lat.stoa0275.stoa020	Tertullian	De Oratione	stoa0275.stoa020.opp-lat1.xml		2
lat.stoa0275.stoa021	Tertullian	De Paenitentia	stoa0275.stoa021.opp-lat1.xml		2
lat.stoa0275.stoa022	Tertullian	De Pallio	stoa0275.stoa022.opp-lat1.xml		2
lat.stoa0275.stoa023	Tertullian	De Patientia	stoa0275.stoa023.opp-lat1.xml		2
lat.stoa0275.stoa024	Tertullian	De Praescriptionibus Hereticorum	stoa0275.stoa024.opp-lat1.xml		2
lat.stoa0275.stoa025	Tertullian	De Pudicitia	stoa0275.stoa025.opp-lat1.xml		2
lat.stoa0275.stoa026	Tertullian	De Resurrectione Carnis	stoa0275.stoa026.opp-lat1.xml		2
lat.stoa0275.stoa027	Tertullian	De Spectaculis, Tertullian, Apology, De spectaculis	stoa0275.stoa027.perseus-lat2.xml		2
lat.stoa0275.stoa028	Tertullian	De Testimionio Animae	stoa0275.stoa028.opp-lat1.xml		2
lat.stoa0275.stoa029	Tertullian	De Virginibus Velandis	stoa0275.stoa029.opp-lat1.xml		2
lat.stoa0275.stoa030	Tertullian	De Scorpiace	stoa0275.stoa030.opp-lat1.xml		2
lat.stoa0276.stoa002	Pseudo-Tertullian	Ad Uxorem	stoa0276.stoa002.opp-lat1.xml		2
